Strategy,Parameter,Down_%,Neutral_%,Up_%,MSE
Fixed,0.006,30.86568081202552,34.53275708249869,34.601562105475786,0.00030454435048228844
Dynamic_ATR,0.25000000000000006,31.43884559058697,32.815892908243136,35.74526150116989,0.0003224741962579059
Dynamic_Vol20,0.3500000000000001,31.84399565707745,31.96792886360193,36.18807547932062,0.00040773362666512877
Dynamic_Vol20,0.40000000000000013,29.920611207433467,35.92653222684196,34.152856565724576,0.0006347657046109947
Fixed,0.005,33.16023364250004,29.683581059471102,37.15618529802885,0.0009321617435835167
Dynamic_ATR,0.30000000000000004,28.683488477788817,38.5280774992846,32.788434022926594,0.001630111312960008
Dynamic_Vol20,0.30000000000000004,33.849651556213914,27.85677613749222,38.293572306293875,0.0018287744631824761
Fixed,0.007,28.70642348544784,39.11839093036174,32.175185584190416,0.0018738830783413551
Dynamic_Vol20,0.45000000000000007,28.112953860656155,39.7299560657835,32.157090073560354,0.0023184230808736264
Dynamic_ATR,0.20000000000000004,34.328340936253305,26.833958961065196,38.8377001026815,0.0024509986964089585
Fixed,0.004,35.641527934418505,24.511947245274126,39.84652482030737,0.004185542605902478
Dynamic_Vol20,0.25000000000000006,35.89507549615365,23.6310535795445,40.47387092430185,0.005056134413919553
Fixed,0.008,26.6883532243675,43.42817344757352,29.883473328058983,0.005265436387887197
Dynamic_Vol20,0.5000000000000001,26.374627569141683,43.40807901425758,30.21729341660074,0.005321126373685556
Dynamic_ATR,0.3500000000000001,26.087729560489503,43.98471560590503,29.92755483360547,0.005918334851290397
Dynamic_ATR,0.15000000000000002,37.3539734374737,20.591849445351556,42.054177117174746,0.008485469160562883
Dynamic_Vol20,0.5500000000000002,24.74834615449358,46.87158079014257,28.380073055363848,0.009384031214798508
Fixed,0.009000000000000001,24.820517784099515,47.419706431901965,27.75977578399852,0.010065282646770072
Dynamic_Vol20,0.20000000000000004,38.03360715067248,19.251940007069873,42.71445284225764,0.010279453840254043
Fixed,0.003,38.252646994461934,19.067407881226117,42.67994512431195,0.010502514262430249
Dynamic_ATR,0.40000000000000013,23.68323598229165,49.0862819196391,27.230482098069253,0.012617485374904631
Dynamic_Vol20,0.6000000000000002,23.204230982880805,50.17821973841466,26.617549278704526,0.014381688929814776
Fixed,0.010000000000000002,23.073669769555778,51.16600316461023,25.760327065833994,0.016020507789360743
Dynamic_Vol20,0.15000000000000002,40.24189068628276,14.764674196643494,44.993435117073744,0.017616041348025097
Dynamic_ATR,0.1,40.55456427693706,14.132488595620044,45.3129471274429,0.01881099205462174
Dynamic_Vol20,0.6500000000000001,21.709562846129245,53.347143434275424,24.94329371959533,0.02020191332719538
Fixed,0.002,41.06997071052233,13.277370511892538,45.65265877758513,0.020462099400084102
Dynamic_ATR,0.45000000000000007,21.46516824616628,53.83572222128705,24.69910953254667,0.02119170377637367
Fixed,0.011,21.483684582624942,54.614565623579715,23.901749793795343,0.022741993045662472
Dynamic_Vol20,0.7000000000000002,20.312526301614287,56.3265903008063,23.36088339757941,0.026589367981687557
Dynamic_Vol20,0.1,42.54307152355783,10.12990893329069,47.32701954315148,0.027301381171994283
Fixed,0.012,19.998169407645563,57.821574056929315,22.18025653542512,0.030063055090726255
Dynamic_ATR,0.5000000000000001,19.438891881428113,58.18821856010234,22.37288955846954,0.031031738354607763
Dynamic_Vol20,0.7500000000000002,18.990712373962666,59.16179911458246,21.84748851145488,0.033491501728986926
Fixed,0.001,44.0489967512246,7.16855757738987,48.782445671385524,0.03460320016260321
Fixed,0.013000000000000001,18.634167690676183,60.8010209234602,20.564811385863617,0.03778581616206993
Dynamic_Vol20,0.8000000000000002,17.76253219317589,61.82615264194455,20.41131516487956,0.040708971794844874
Dynamic_ATR,0.5500000000000002,17.55748480818759,62.26665207803794,20.17586311377447,0.04197111176165322
Fixed,0.014000000000000002,17.360643526857107,63.535021125456595,19.1043353476863,0.04565777162741147
Dynamic_Vol20,0.8500000000000002,16.586429208679114,64.34995034255222,19.063620448768663,0.048203801142161266
Dynamic_ATR,0.6000000000000002,15.840199808103423,66.00989782348881,18.149902368407762,0.05347680544258245
Fixed,0.015,16.178964600131298,66.08522564680929,17.735809753059403,0.053674718619512896
Dynamic_Vol20,0.9000000000000002,15.48723214436009,66.75328664972142,17.759481205918494,0.05593071591344048
Fixed,0.016,15.089446529870218,68.43196088003097,16.47859259009881,0.06162784489603426
Dynamic_Vol20,0.9500000000000003,14.466203477704648,68.97808759910448,16.55570892319087,0.06360019255013914
Dynamic_ATR,0.6500000000000001,14.2441126466578,69.44225848805696,16.313628865285235,0.06526410541445767
Fixed,0.017,14.049691113841803,70.62751443432592,15.322794451832275,0.06956981040150169
Dynamic_Vol20,1.0000000000000004,13.509035130540173,71.05759843116131,15.433366438298519,0.07121772637492707
Dynamic_ATR,0.7000000000000002,12.802152944939149,72.58719511168718,14.610651943373675,0.07709779436949442
Fixed,0.018000000000000002,13.104200683421146,72.64253370814887,14.253265608429983,0.077282667542068
Dynamic_Vol20,1.0500000000000003,12.610992812294846,73.01254481795074,14.376462369754407,0.07877393924802166
Fixed,0.019000000000000003,12.240560876664366,74.4859612503577,13.273477872977931,0.08469472118254055
Dynamic_Vol20,1.1000000000000005,11.757558031881764,74.88532496170485,13.357117006413386,0.08637104356276289
Dynamic_ATR,0.7500000000000002,11.503484437860859,75.44449728146515,13.052018280673995,0.08870747240436079
Fixed,0.02,11.433837763226556,76.1984067534129,12.367755483360547,0.09188526267057356
Dynamic_Vol20,1.1500000000000004,10.960724325416196,76.62333563384787,12.41594004073594,0.09373650917189624
Dynamic_ATR,0.8000000000000002,10.308654703991111,78.0405718181359,11.650773477872978,0.09996688002690406
Dynamic_Vol20,1.2000000000000004,10.231643577356204,78.23962243506656,11.528733987577223,0.1008567807699604
Dynamic_Vol20,1.2500000000000004,9.545802683185483,79.75575268907704,10.698444627737471,0.1077741939995654
Dynamic_ATR,0.8500000000000002,9.24333411887488,80.39004241924353,10.366623461881597,0.11073772314893433
Dynamic_Vol20,1.3000000000000005,8.910881714276094,81.16046930496407,9.928648980759842,0.11438901093258814
Dynamic_Vol20,1.3500000000000005,8.324671335027858,82.46155756055684,9.213771104415304,0.12069229575934963
Dynamic_ATR,0.9000000000000002,8.299421785311495,82.48670190381605,9.213876310872456,0.12081661920927456
Dynamic_Vol20,1.4000000000000006,7.774336357668288,83.68573989597185,8.539923746359857,0.1267780110666242
Dynamic_ATR,0.9500000000000003,7.469132425471746,84.3554842021984,8.17538337232986,0.13017130713759364
Dynamic_Vol20,1.4500000000000006,7.267662060026596,84.81534162640766,7.9169963135657415,0.13252688614395564
Dynamic_ATR,1.0000000000000004,6.70375544969448,86.05393724645243,7.242307303853081,0.13897793781652643
Dynamic_ATR,1.0500000000000003,6.013811503694851,87.56996229400575,6.416226202299392,0.14708329501071007
Dynamic_ATR,1.1000000000000005,5.409084787987947,88.91849866177387,5.672416550238188,0.15448668595645354
Dynamic_ATR,1.1500000000000004,4.865798643257529,90.109435756729,5.024765600013467,0.16117671149448484
Dynamic_ATR,1.2000000000000004,4.37606258521723,91.16486693487299,4.459070479909775,0.1672244287738102
Dynamic_ATR,1.2500000000000004,3.95081808541081,92.10320332620735,3.9459785883818403,0.1726948813393112
Dynamic_ATR,1.3000000000000005,3.5740737623512384,92.923708485532,3.502217752116754,0.17755072659375895
Dynamic_ATR,1.3500000000000005,3.2318371572373628,93.66078492433552,3.107377918427121,0.18197032894160436
Dynamic_ATR,1.4000000000000006,2.9230562054976685,94.30349117107411,2.7734526234282155,0.18586838035848063
Dynamic_ATR,1.4500000000000006,2.649940242732338,94.87676115609271,2.4732986011749456,0.18938019544658524
