Date,IC,N_Stocks,Quantile_Spread,Top_Q_Return,Bottom_Q_Return,Raw_Spread,Raw_Top_Q,Raw_Bottom_Q,IC_Rolling_20,Spread_Rolling_20,Cumulative_Spread
2023-05-31,0.16021432447097125,96,0.51547605,0.9787943,0.46331823,7.074973738882377e-05,0.00947747278302502,0.009406723045636197,,,7.074973738885326e-05
2023-06-01,0.3035946825827456,96,1.5303819,2.111675,0.5812931,0.012251190446877287,0.028566334539951745,0.016315144093074458,,,0.012322806952772991
2023-06-02,0.15606560047014362,96,0.12748261,-0.09057316,-0.21805577,0.004438120853966344,-0.0028938474747580655,-0.007331968328724409,,,0.01681561791325592
2023-06-05,-0.13577048290830168,96,-0.3708012,0.5712201,0.9420213,-0.007362880425516709,0.013262896558258437,0.020625776983775147,,,0.009328926103762791
2023-06-06,-0.16877373846988608,96,-0.5695983,-0.06826762,0.5013307,-0.0127259434405416,-0.00024746120770358093,0.012478482232838019,0.06306607722913454,-0.0006657525655651708,-0.0035157367227361958
2023-06-07,0.4239283776451438,96,0.8702452,0.65774024,-0.21250498,0.014540563716853937,0.008236028599745879,-0.006304535117108057,0.1232097939651361,0.0018686334815046805,0.010973706200289035
2023-06-08,0.014826370048833425,96,0.008135222,-0.09101081,-0.09914603,0.005576629507784562,-0.001137807189385761,-0.006714436697170323,0.10772644769137855,0.0023983471995446637,0.016611532001879814
2023-06-09,-0.17532555615843734,96,-0.32964954,0.101534866,0.4311844,-0.012578446173131974,-0.001197980870700087,0.011380465302431886,0.07234494721015157,0.0005262480279600839,0.0038241385676089923
2023-06-12,-0.256654424358585,96,-0.4633699,0.111634076,0.575004,-0.01158737025034927,0.0009985975569425786,0.01258596780729185,0.035789461480291954,-0.0008197095585187333,-0.007807543392211791
2023-06-13,0.06519262072707542,96,-0.5404621,-0.49444953,0.046012543,-0.00533264408101431,-0.004519075005935782,0.0008135690750785276,0.0387297774049703,-0.001271003010768291,-0.013098552623168391
2023-06-14,0.15012208355941398,96,0.27013072,0.64285105,0.37272033,-0.0003736678824321285,0.009950099862029532,0.01032376774446166,0.0488563506917379,-0.001189427090010458,-0.013467325997178814
2023-06-15,0.07894736842105264,96,0.019618407,0.08425428,0.06463587,-0.0018890637354166172,-0.0018393312422276937,4.973249318892361e-05,0.051363935502514134,-0.0012477301437943047,-0.015330949095441193
2023-06-16,0.07133749321758004,96,0.15424904,-0.43132868,-0.5855777,0.003802638247228432,-0.006498310854105454,-0.010300949101333886,0.052900363019057664,-0.0008592402675617865,-0.011586608901609341
2023-06-20,0.19232230059685296,96,0.40375987,0.47142103,0.06766116,0.0032230102523579324,0.005405357103373064,0.0021823468510151316,0.06285907284604304,-0.0005676509447103779,-0.008400942408531509
2023-06-21,0.14697553912028058,96,0.37701884,-0.0026379072,-0.37965673,0.009591227861113182,0.0003728653546216771,-0.009218362506491504,0.06846683726432555,0.00010960764234452606,0.0011097100996932951
2023-06-22,-0.15063754747693978,96,-0.4392259,-0.8011687,-0.36194277,-0.0011282733950465727,-0.011465411050656822,-0.01033713765561025,0.054772813217996465,3.2240077507582387e-05,-1.981535173500859e-05
2023-06-23,-0.025827455236028213,96,0.2425192,0.34905982,0.10654063,0.004853734830266024,0.005377026254389978,0.0005232914241239541,0.05003162095599501,0.00031585741590513776,0.004833823300067985
2023-06-26,-0.05828811720021704,96,-0.43973178,0.6064113,1.046143,-0.008370144997374545,0.010388280380027119,0.018758425377401664,0.04401385772509434,-0.0001666982737215113,-0.0035767814992198055
2023-06-27,-0.04157679838687442,96,-0.21483508,-0.1996156,0.015219472,-0.003476203082158464,-0.0017108648089085095,0.001765338273249954,0.039509086350780195,-0.0003408827373234562,-0.007040550962506442
2023-06-28,0.2029171287217607,96,0.49023303,0.36829463,-0.121938415,0.008727399733786188,0.006758665827146109,-0.0019687339066400793,0.04767948846932922,0.00011253138623202605,0.0016254030686839727
2023-06-29,0.11867240461410009,96,0.026301205,0.681815,0.6555138,-0.00797997995575436,0.00729067977891672,0.01527065973467108,0.04560239247648566,-0.0002900050984251331,-0.006367547570978571
2023-06-30,-0.012160920241931843,96,0.14573741,0.5410532,0.39531577,0.0015466274283865442,0.008560074550604578,0.007013447122218034,0.029814612335251796,-0.0008252332493496703,-0.0048307683663167955
2023-07-03,0.12384698860553446,96,-0.009582013,-0.28785098,-0.27826896,0.0016379442002929863,-0.0038776029252452697,-0.005515547125538256,0.028203681742021335,-0.0009652420820333383,-0.0032007366950523863
2023-07-05,0.15489690721649488,96,0.028996885,-0.7372779,-0.7662748,0.005083613343435007,-0.008386605530337198,-0.013470218873772205,0.04273705124826117,-0.0003429173935857523,0.001866605340610894
2023-07-06,-0.33383071079761256,96,-0.79798937,-0.5741297,0.22385967,-0.010570354886395409,-0.004466519412686364,0.006103835473709044,0.034484202631874836,-0.00023513796587844277,-0.00872348022666769
2023-07-07,-0.1334644601193706,96,-0.2378181,0.15827434,0.39609244,-0.003475260172290705,0.0018992546956697902,0.0053745148679604955,0.006614560743649118,-0.0011359291603356748,-0.012168424035562952
2023-07-10,-0.310607704829083,96,-0.9314796,0.29044485,1.2219244,-0.016518611682779,0.002841488282058143,0.019360099964837143,-0.009657143000246704,-0.002240691219863853,-0.0284860302469071
2023-07-11,0.0835594139989148,96,0.037820518,0.16607657,0.12825605,0.0007355860825439527,0.0026832957685049242,0.0019477096859609716,0.003287105507620903,-0.0015749896070800565,-0.027771398091759658
2023-07-12,-0.10365034795240047,96,-0.13803571,0.26009202,0.39812773,-0.005885250222388458,0.0015077720186408002,0.007393022241029258,0.010937309327930128,-0.0012898836056820162,-0.03349320668735256
2023-07-13,0.113572007502035,96,0.41790485,-0.023725431,-0.44163027,0.007189784825786343,-6.659632051083488e-07,-0.007190450788991451,0.013356278666678106,-0.0006637621603419834,-0.02654423081077395
2023-07-14,-0.16226261530113945,96,-0.7628416,-0.36667064,0.39617097,-0.015322703381706305,-0.005338673113593507,0.009984030268112799,-0.0022629562763495648,-0.0014112139353056924,-0.041460204817271196
2023-07-17,-0.26208716117609054,96,-0.45975885,0.30337057,0.7631294,-0.008906655644001633,0.003609540614276266,0.0125161962582779,-0.019314682756206725,-0.0017620935307349427,-0.04999758869403559
2023-07-18,-0.011299549984974039,96,0.22789818,0.7839899,0.5560917,-0.00019936300521046155,0.01091728186261367,0.011116644867824132,-0.023446534916334427,-0.001962193593356888,-0.05018698402971078
2023-07-19,0.18114487249050462,96,0.99918914,1.2469385,0.24774933,-0.009544321046378474,0.008279820162633534,0.017824141209012007,-0.024005406321651844,-0.002600560158293708,-0.059252304388160204
2023-07-20,0.2305615843733044,96,0.53523916,0.2407218,-0.29451737,0.013313849983889164,0.004157526771481705,-0.009156323212407459,-0.019826104059000656,-0.002414429052154909,-0.04672733069609469
2023-07-21,-0.045699945740640256,96,-0.27813357,-0.017400429,0.26073316,0.0010682401844771831,0.0002452802484882619,-0.0008229599359889212,-0.014579223972185678,-0.0023046033731787216,-0.045709006523980356
2023-07-24,-0.17363732242816352,96,-0.49512255,-0.3035813,0.19154124,-0.001148252674945332,-0.0033826768173786117,-0.0022344241424332796,-0.021969717331792444,-0.0026047027484392892,-0.046804773709915426
2023-07-25,0.013578404774823657,96,0.12572092,0.19920775,0.07348683,0.004042505452280108,0.004751573089254809,0.0007090676369747,-0.01837639123304041,-0.001984070225956556,-0.04295147681055034
2023-07-26,-0.13677428106348344,96,-0.50307703,-0.8127149,-0.30963787,-0.007238553323870789,-0.011451188903580855,-0.004212635579710067,-0.02313626536687086,-0.0021721877380421724,-0.049879123579189
2023-07-27,-0.033179598480737926,96,-0.17592648,0.25869855,0.43462503,-0.0073397882649659275,0.003821972289644549,0.011161760554610477,-0.03494110172699579,-0.002975547137979778,-0.056852809638241686
2023-07-28,-0.03183678729259792,96,0.13254553,0.3813781,0.24883258,0.0025403875468544895,0.0060782327515701215,0.003537845204715632,-0.04246656132233069,-0.0024495287628493356,-0.05445685026099578
2023-07-31,-0.014012479652740096,96,-0.07903007,-0.09789459,-0.018864518,-0.0001302141796994307,-0.002577969025319891,-0.0024477548456204603,-0.0425591392928711,-0.0025333708432536345,-0.05457997338660947
2023-08-01,0.16819045035268584,96,0.3715431,-0.05163996,-0.42318305,0.006492190530244243,-0.0005324140210237164,-0.0070246045512679595,-0.04034196620551354,-0.0022906585267560716,-0.04844212644272683
2023-08-02,-0.11941128594682583,96,-0.36316583,-0.079797804,0.28336802,-0.005839681756982737,-0.0010589087275872933,0.004780773029395444,-0.05405737586367957,-0.002836823281776959,-0.053998921597652516
2023-08-03,0.16146283730029531,96,0.57839954,0.110181004,-0.4682185,0.012869782644151635,0.003236915431008189,-0.009632867213143445,-0.029292698458784176,-0.001664816405249607,-0.04182409333748116
2023-08-04,0.042837764514378734,96,-0.01763326,0.55376154,0.5713948,-0.0012841311946700101,0.006713249868108985,0.007997381062778995,-0.02047758722709671,-0.001555259956368572,-0.043054516909207696
2023-08-07,-0.13784590341833966,96,-0.93564737,-0.7400395,0.19560783,-0.009996646158926224,-0.007307199486655807,0.0026894466722704167,-0.011839497156559544,-0.0012291616801759333,-0.05262076229704915
2023-08-08,0.024769397721106888,96,0.30525464,0.028318938,-0.2769357,0.003120950012251492,-0.0015570009577226744,-0.004677950969974166,-0.014778997970449941,-0.0011098934836905564,-0.04966403905353323
2023-08-09,-0.01333423765599566,96,-0.10021003,-0.21484159,-0.114631556,-0.0006921784168584244,-0.003959192844909999,-0.0032670144280515746,-0.010263192455629701,-0.0008502398934140546,-0.0503218410944648
2023-08-10,-0.06132006687524027,96,0.006265223,-0.26221356,-0.26847878,-0.0011919719127107273,-0.005898825920979134,-0.004706854008268407,-0.019007796174493462,-0.001269327730338908,-0.05145383078599497
2023-08-11,0.11709169831795986,96,0.63746965,0.3457159,-0.29175374,0.012251896459167192,0.007486256248510205,-0.0047656402106569865,-0.005040080493538497,0.00010940226170476674,-0.03983234133404534
2023-08-14,-0.05001356483993489,96,-0.24876106,-1.2663728,-1.0176117,0.0020569746569870425,-0.015004169860037322,-0.017061144517024365,0.005563599323269286,0.0006575837767542005,-0.03785730079371097
2023-08-15,0.016237113402061857,96,-0.0011305809,-0.5644062,-0.56327564,0.003498572367167961,-0.007740024451720395,-0.011238596818888356,0.006940432492621081,0.0008424805453731216,-0.03449117493299547
2023-08-16,-0.05537167661421595,96,0.0010679066,-0.3072453,-0.30831322,2.4551413760465386e-05,-0.004523181152115433,-0.004547732565875899,-0.004885394962614948,0.0013209241683800684,-0.0344674703263419
2023-08-17,0.040728570023871015,96,-0.047525097,0.04799876,0.09552386,-0.0022307194374383203,-0.0006650873420031946,0.0015656320954351257,-0.014377045680086617,0.0005436956973136944,-0.036621302507763964
2023-08-18,0.15488334237655996,96,0.5557737,0.03687645,-0.51889724,0.009837257570622716,0.0013563482063618617,-0.008480909364260854,-0.004347881274226606,0.000982146566620971,-0.02714429812248187
2023-08-21,-0.0210119370591427,96,-0.82628644,-1.2159458,-0.3896594,-0.004941678030484509,-0.012987007682419222,-0.008045329651934713,0.003283387994224435,0.0007924752988440122,-0.03195183777128163
2023-08-22,0.164270211611503,96,0.8314873,1.3825783,0.55109096,0.00885149203608862,0.01724874322917916,0.008397251193090538,0.0108179783360584,0.0010329246280344378,-0.023383167172763786
2023-08-23,0.13324787455270107,96,0.28527984,-0.3937486,-0.67902845,0.004901291510598429,-0.006792964619757495,-0.011694256130355924,0.024319086116867627,0.0016399168697578987,-0.018596483380920237
2023-08-24,0.22916518300858515,96,0.20347758,0.18220484,-0.021272734,0.001176360175637188,-0.0005401173385104835,-0.0017164775141476716,0.03743632519133378,0.0020657242917880543,-0.01744199936773927
2023-08-25,0.10864080303852414,96,0.30206198,0.7897411,0.48767912,0.00279380149584305,0.009432398810865106,0.006638597315022056,0.04446020470788988,0.002078394989237482,-0.014696927355820288
2023-08-28,0.09203868745675135,96,0.060708284,1.0711544,1.0104461,-0.001609274736708969,0.012911415673588496,0.014520690410297465,0.049762763063364454,0.0020044419613870056,-0.016282550698628384
2023-08-29,-0.025515463917525776,96,0.0745924,0.26792938,0.19333698,0.0009348581604471033,0.004071332583490788,0.003136474423043685,0.04007746734985388,0.0017265753428971488,-0.015362914413574735
2023-08-30,-0.27746295938493576,96,-0.81824493,-0.7801903,0.03805465,-0.009104586291205474,-0.00846030606331929,0.0006442802278861836,0.03217488367794838,0.0015633301161860117,-0.024327627724817447
2023-08-31,-0.16338905110325605,96,-0.22821528,0.56398296,0.79219824,-0.004368213443829072,0.007887490825395702,0.012255704269224774,0.01593228925777081,0.0007014303117869765,-0.028589572898162552
2023-09-01,-0.21051275094953878,96,-0.8785795,-1.0589997,-0.18042018,-0.008517104676255455,-0.012204346335795391,-0.003687241659539936,0.003264763484574937,0.0003397816377077042,-0.03686317718939491
2023-09-05,0.021785132935431363,96,0.17701945,-0.055595472,-0.23261492,0.003503919965913407,-0.0007576551120375784,-0.004261575077950985,0.011246315302263487,0.0010148099439496855,-0.033488422846042365
2023-09-06,-0.004544221378187737,96,-0.2496177,-0.30393997,-0.05432228,-0.0012258561964946348,-0.005102026298892331,-0.003876170102397696,0.009780634347298756,0.0007974696335123795,-0.03467322705188036
2023-09-07,0.014976091167427815,96,0.35543984,0.26158133,-0.093858495,0.007019436319855243,0.0024532041249815586,-0.004566232194873685,0.011196150788469928,0.001183050370348063,-0.02789717724131968
2023-09-08,0.20200759631036355,96,0.5528747,0.5031225,-0.049752187,0.005091790476729609,0.005748195739705396,0.0006564052629757876,0.02436253394775012,0.0014972384898200796,-0.02294743334599514
2023-09-11,0.07768583830710798,96,0.45976007,0.33100182,-0.12875825,0.007157216585609872,0.003491264999845107,-0.003665951585764765,0.022392240947207525,0.0012425044961422136,-0.015954456510926307
2023-09-12,-0.07547476939772112,96,-0.30667472,-0.45437565,-0.14770094,-0.0017297715089130338,-0.006060800886127634,-0.0043310293772146,0.021119180719318214,0.0010531671878472096,-0.017656630455526567
2023-09-13,-0.17722463374932174,96,-0.57376075,0.8003336,1.3740944,-0.007881029381698363,0.010673709226374275,0.01855473860807264,0.011446093361749034,0.0004841871004038935,-0.0253985074138231
2023-09-14,-0.0038049505051443193,96,0.32332605,-0.40213275,-0.7254588,0.0018298799030114915,-0.009030294741152163,-0.010860174644163655,0.014024429667202614,0.0005744535248664448,-0.0236151037290947
2023-09-15,-0.066800280793523,96,-0.16764867,-0.36602247,-0.1983738,0.00028907660973392056,-0.0043464083061378785,-0.004635484915871799,0.008647987126332916,0.000700443327225057,-0.023332853693485367
2023-09-18,0.07794357026587087,96,-0.06512655,-0.21981563,-0.15468907,0.0005082366876222144,-0.0027302266810912646,-0.003238463368713479,0.00480099852079846,0.00023399228307503187,-0.022836475618137175
2023-09-19,-0.1515040527204869,96,-0.34632647,-0.60139453,-0.25506806,-0.006755461721395243,-0.009699358244982342,-0.002943896523587099,-0.0017236072622687497,0.00014330309852949517,-0.02943766640264256
2023-09-20,0.008559413998914812,96,0.20428973,-0.94535154,-1.1496413,0.0051567541422063885,-0.01422892287551297,-0.019385677017719358,-0.009509147142898158,-4.143379616461645e-05,-0.0244327150685949
2023-09-21,0.0031199237653589786,96,-0.09631643,-0.3377912,-0.24147478,-7.187727906857351e-05,-0.004829649295771174,-0.004757772016702601,-0.016015544682265265,-0.00029009223564796657,-0.02450283619058402
2023-09-22,-0.0023195954951147186,96,-0.0045676753,-0.04721753,-0.042649854,0.0015029889009426103,-0.0005106808545858555,-0.002013669755528466,-0.027589783607450256,-0.0002737607993826954,-0.02303667478047755
2023-09-25,-0.003350515463917526,96,0.18333673,-0.7154661,-0.8988028,0.005296847669220145,-0.009426156853386413,-0.014723004522606558,-0.03318934953257234,-0.00014860849071384073,-0.01786184886837494
2023-09-26,-0.10472056429734128,96,-0.3422775,-0.17881005,0.16346745,-0.005705608090080051,-0.00014376975765146614,0.005561838332428585,-0.043027312120276974,-0.0003534251583823948,-0.023465544249047787
2023-09-27,0.1027943570265871,96,0.1534031,0.8082443,0.6548412,-0.007028008281405667,0.010011745252619305,0.01703975353402497,-0.03661182107307133,-0.0007515684804750334,-0.03032863649114348
2023-09-28,-0.0731958762886598,96,-0.11889729,-0.14893976,-0.030042466,-2.8939709901435557e-05,-0.0010421393521269303,-0.0010131996422254948,-0.026398466918257528,-0.0002977861514098314,-0.030356698499103163
2023-09-29,-0.04715138361367336,96,-0.5706726,-1.3021264,-0.73145384,-0.005605546636762342,-0.01832746854560726,-0.012721921908844918,-0.020586583543778396,-0.00035965281105649493,-0.0357920792466907
2023-10-02,0.050379815518176885,96,0.4993611,-0.52838355,-1.0277447,0.0122446455931149,-0.00679971155065421,-0.01904435714376911,-0.007541955220392614,0.0006784347024120228,-0.023985694978992167
2023-10-03,0.11214091203575074,96,0.4913462,0.48604834,-0.0052978704,0.003564722498261633,0.0056387759839843345,0.0020740534857227014,-0.0030241662653766447,0.0006814748290294341,-0.020506474827258647
2023-10-04,-0.03631307650569723,96,-0.48868707,-0.40960506,0.07908201,-0.0032033586374891295,-0.0036489064322142773,-0.00044554779472514764,-0.004612609021752119,0.0005825997069797094,-0.02364414387148539
2023-10-05,-0.09413998914812806,96,-0.7272653,-0.06276486,0.6645004,-0.011519000128860249,-0.0004745884275334511,0.011044411701326797,-0.010068413037529913,-0.0003443221154560652,-0.03489078710404314
2023-10-06,-0.19068160160717898,96,-0.55182385,0.16569868,0.71752256,-0.01147581864871074,0.0022760148397507883,0.013751833488461528,-0.029702872933407037,-0.0011727025717280827,-0.04596620540743712
2023-10-09,0.10552088985349972,96,0.24395955,0.79789394,0.5539344,0.0020666449636993316,0.011635708388275563,0.009569063424576231,-0.028311120356087453,-0.0014272311528236096,-0.043994556270643526
2023-10-10,-0.10776623632128,96,0.4011057,-0.020048462,-0.42115417,0.003878562251673291,0.0011371788657687364,-0.002741383385904555,-0.0299256937022654,-0.0011468144647942932,-0.04028662964420071
2023-10-11,-0.17076677867859152,96,-0.32492715,-1.0674049,-0.7424777,2.460542529761009e-05,-0.015039052075196296,-0.015063657500493906,-0.029602800948728886,-0.0007515327244444947,-0.04026301548855926
2023-10-12,0.14791101465002712,96,0.3892042,0.17057472,-0.21862948,0.003918380520816021,0.0017855772054858712,-0.00213280331533015,-0.022017002690970316,-0.0006471076935542682,-0.03650240078334288
2023-10-13,0.22736105317905148,96,0.52096266,1.2560256,0.7350629,0.004193501447900264,0.017483276044273192,0.013289774596372927,-0.007308935992341591,-0.00045188645164595114,-0.03246197220597946
2023-10-16,-0.19755832881172,96,-0.58584976,0.0135084735,0.59935826,-0.009716170493262403,0.001111765154212238,0.01082793564747464,-0.021084030946221133,-0.000963106810690182,-0.041862736642741094
2023-10-17,-0.09844037724004394,96,-0.6443622,-1.2557808,-0.6114186,-0.003488822101874022,-0.017638119386535152,-0.01414929728466113,-0.018430847172198984,-0.000799774829714121,-0.045205507103771025
2023-10-18,0.025366250678241997,96,0.09104419,-0.50663614,-0.59768033,0.006619752339754005,-0.007322025603072117,-0.013941777942826122,-0.017590505338232625,-0.0007266249198367401,-0.03888500402543704
2023-10-19,0.12574649262990317,96,0.732904,-0.14567398,-0.878578,0.011839498414930653,-0.0033029909190263928,-0.015142489333957045,-0.011459176895005415,-0.00013105613513677883,-0.027505884554030136
2023-10-20,-0.012438958220292999,96,0.14635175,-0.29856998,-0.44492173,0.004380971423111364,-0.0052224223842232366,-0.0096033938073346,-0.011965145031264331,1.284299097165883e-05,-0.023245415625117394
2023-10-23,0.027150119201591282,96,0.21734123,0.3773311,0.15998988,0.0022955918612336725,0.004562159366692716,0.0022665675054590433,-0.01044011329798889,-0.0001372197994276648,-0.02100318575080362
2023-10-24,-0.020659321281050972,96,-0.058131754,-0.4780726,-0.41994086,6.4180824075292e-05,-0.007471528052248185,-0.007535708876323477,-0.0062370511471743755,0.00015126964628010237,-0.02094035292849794
2023-10-25,0.07296527400976668,96,0.68695253,-0.009473702,-0.6964262,0.007233098599507738,0.000831625814570361,-0.006401472784937377,-0.007728505298015396,0.0008643249903257726,-0.013858717966430567
2023-10-26,0.16573577637024348,96,0.2913543,-0.75776625,-1.0491205,0.006995798481611288,-0.012331623294256586,-0.019327421775867874,0.004218077334929768,0.0012155618999014086,-0.0069598722829258275
2023-10-27,-0.030317417254476398,96,0.007691264,0.6879346,0.6802433,-0.006114067132819976,0.009537353119894296,0.015651420252714272,0.0050597756528896155,0.0011901358750985272,-0.01303138628937206
2023-10-30,-0.007854042322300598,96,0.013880134,0.5546515,0.54077137,-0.00034666883581054714,0.009128610287636106,0.009475279123446654,0.002148082760865742,0.0005605701536522548,-0.013373537549668746
2023-10-31,-0.06551817688551274,96,0.11756275,0.12562294,0.008060196,-0.002358386986495545,-0.0008421954193004412,0.0015161915671951039,-0.0067348716851974326,0.00026441467941439587,-0.01570038455924383
2023-11-01,-0.03011404677868231,96,0.17009306,1.4615755,1.2914824,0.0024865301061148468,0.026598604390712828,0.02411207428459798,-0.006424920198846687,0.0005489091165945946,-0.013252893932013232
2023-11-02,0.056090613130765056,96,0.11753905,1.2615792,1.1440401,0.0003777841871424187,0.022860033050503853,0.022482248863361434,0.0010866099150979684,0.001143748332394728,-0.012880116478632186
2023-11-03,0.32602525103704505,96,0.5807285,0.27589267,-0.3048358,0.01165030488392332,0.004253613467014671,-0.00739669141690865,0.02692195254730917,0.0023000545090264314,-0.00137986887862529
2023-11-06,0.00935973955507325,96,0.25165215,0.18936601,-0.062286146,-0.0014674713989432215,-0.001428624029459214,3.8847369484007466e-05,0.022113895032387844,0.0021233486908943033,-0.0028453153594548697
2023-11-07,-0.04304123711340206,96,0.091737464,-0.19812517,-0.28986263,0.0032113197312106647,-0.004368485479873779,-0.0075798052110844436,0.025350144992781747,0.0020899865648711722,0.00035686715440053085
2023-11-08,0.08823928377645143,96,-0.3002441,-1.0159868,-0.7157427,0.008068229452935137,-0.012254997813900118,-0.020323227266835255,0.03830044811553389,0.0024921677662530484,0.008427975893421591
2023-11-09,0.14161692892023872,96,0.02858217,0.24825086,0.21966869,-0.0029354104232087556,0.0018828407723905781,0.0048182511955993336,0.037985743829044474,0.0021494782190518095,0.005467825901928736
2023-11-10,0.06538252848616387,96,0.14388174,-0.09848319,-0.24236493,-0.0003047797838878997,-0.00372048425912159,-0.0034157044752336904,0.029886817594400088,0.0019245641574624015,0.005161379635244101
2023-11-13,0.06502984264785676,96,0.10654724,1.7007617,1.5942144,-0.013984361847493711,0.02499309885947666,0.03897746070697037,0.043016226167378935,0.0017111545897508357,-0.008895160812701142
2023-11-14,-0.14196961475854583,96,-0.34829,0.26088867,0.60917866,-0.01041423459953827,0.005619211864277636,0.016033446463815906,0.040839764291453834,0.0013648839648676236,-0.019216759120735283
2023-11-15,0.27587839259415103,97,0.21715337,0.06491163,-0.15224175,-0.013720825482883383,-0.002458889987063725,0.011261935495819659,0.05336537138724928,0.00034785507373575415,-0.0326739148053764
2023-11-16,0.08296076162423732,97,0.15514356,0.7452815,0.59013796,0.0006217211380024831,0.014901608897264218,0.014279887759261735,0.05122608483696599,-0.00021303379011065432,-0.03207250773086978
2023-11-17,0.05697078480327703,97,-0.331433,-0.28195402,0.049478963,0.0023560223630919004,0.005247270185170449,0.002891247822078549,0.054696571988144496,-0.0003142812431116274,-0.029792048913232283
2023-11-20,0.11958236903008625,97,0.8567134,0.68265724,-0.17405619,0.009396534188580745,0.004177313968447093,-0.005219220220133652,0.05931818447956925,4.076587325572613e-05,-0.020675456730812725
2023-11-21,-0.16150326109825375,97,-0.18784942,0.04355803,0.23140745,-0.004261423086753643,-0.0005077925429034279,0.0037536305438502153,0.0522759874887091,-0.0001755143222857206,-0.024848772948924402
2023-11-22,0.101817273301073,97,0.16138116,0.3419298,0.18054864,0.0033395692374650755,0.006014487526381995,0.0026749182889169196,0.05371858745327442,-0.0003701907903878537,-0.021592187909188265
2023-11-24,-0.07695139911634756,97,-0.37608787,-0.29822522,0.07786264,-0.009493957368301328,-0.007021827440474941,0.0024721299278263873,0.04158422867894487,-0.0011946785828834846,-0.03088114996599134
2023-11-27,-0.08214548706080368,97,-0.08302732,-0.022236055,0.060791265,1.7423653477957753e-05,-0.0005027033719210836,-0.0005201270253990414,0.03899282518862851,-0.0008881040435685878,-0.030864264374969363
2023-11-28,-0.005457079739112139,97,-0.2647769,-0.18426396,0.08051294,-0.006245128587870501,-0.0018455315661034942,0.004399597021767007,0.03911267331778793,-0.0011830270311715856,-0.0369166416630482
2023-11-29,0.11329835497448845,97,0.047906816,0.7728663,0.7249595,-0.0017884977271224525,0.010913312419510563,0.012701810146633016,0.048053499910787986,-0.001154532568202931,-0.038639114060463275
2023-11-30,-0.14268619819061645,97,-0.36161238,0.6855908,1.0472032,-0.014144048280267735,0.009599154190031947,0.023743202470299683,0.042424892340191284,-0.0019860614875220604,-0.052236648845953026
2023-12-01,-0.19043235851041443,97,-0.18835458,-0.2821144,-0.0937598,-0.0042636160234063025,-0.005612306339916805,-0.0013486903165105023,0.030098743758132308,-0.0022181314980494965,-0.056277547856330656
2023-12-04,0.05844992636229748,97,0.3792291,-0.27998927,-0.6592184,0.007523625786900128,-0.004704856774112943,-0.012228482561013072,0.01671997752439493,-0.0024244654529006556,-0.04917733327970597
2023-12-05,-0.02887649905322954,97,-0.38999793,-0.40847996,-0.018482024,-0.00789112655978529,-0.005279629722045397,0.002611496837739892,0.01480816559397979,-0.002745648210942759,-0.056680395278708384
2023-12-06,-0.1406681985996667,97,-0.23506273,0.12435271,0.35941544,-0.0014798580529567958,0.009017680424335314,0.01049753847729211,0.00992681751966656,-0.0029802071001511317,-0.058076374392267205
2023-12-07,0.05622764569745424,97,0.17931668,0.26790112,0.08858444,-0.001259250998537625,0.0017948609727119992,0.003054111971249624,0.008326235615716701,-0.0034465811227247707,-0.05926249265835992
2023-12-08,-0.04490584893751314,97,-0.22521165,0.43752405,0.6627357,-0.006379310857390028,0.005334032787319826,0.011713343644709854,-0.0009999032771708927,-0.0036187761444338336,-0.0652637496528985
2023-12-11,-0.15518034900811725,97,-0.35079193,-0.18254738,0.16824454,-0.0027412705988479886,-0.0060030443799996905,-0.003261773781151702,-0.012028047151884949,-0.0037406006851818377,-0.0678261146536524
2023-12-12,0.0983194824321481,97,-0.0013540983,1.2721283,1.2734824,-0.002989252602139081,0.015448905794008693,0.018438158396147774,-0.010363565162670382,-0.003190845222914107,-0.0706126178660701
2023-12-13,-0.2268304228908058,97,-1.1121616,0.28879952,1.4009612,-0.026911975859521337,0.0030689307748027472,0.029980906634324084,-0.014606605569283379,-0.00401573228591326,-0.09562426865820217
2023-12-14,-0.30802913949084787,97,-0.6126366,-0.7331022,-0.120465554,-0.009220420530477079,-0.01413823616701085,-0.004917815636533771,-0.04380198217353333,-0.0037907120382929455,-0.10396299321873137
2023-12-15,0.45785556490637486,97,0.7668909,0.56189305,-0.20499787,0.019847344436751197,0.009773857258992474,-0.010073487177758723,-0.02505724200942645,-0.0028294308733555094,-0.08617903811706784
2023-12-18,0.007824005891016199,97,0.09141451,0.89001787,0.79860336,-0.006153578419860346,0.011460233297760773,0.01761381171762112,-0.027514580955039485,-0.0032549109125031214,-0.09180230706772663
2023-12-19,-0.0701004628655586,97,-0.00380826,-1.0826921,-1.0788839,0.0014815348367475285,-0.015627093642480203,-0.01710862847922773,-0.03699872254982173,-0.0036506608800947827,-0.09045678054699369
2023-12-20,0.08739217336419101,97,0.12123603,0.92499924,0.8037632,-0.009773684344984322,0.009613657111856402,0.019387341456840724,-0.0245539508266995,-0.003926273943006316,-0.09934636887204817
2023-12-21,0.17258836524300442,97,-0.17435485,-0.097860515,0.07649434,-0.007041624436855392,-0.004259087561838705,0.002782536875016687,-0.021015396229602926,-0.00444533362672234,-0.10568843349014134
2023-12-22,-0.07534714916894591,97,-0.0095252395,0.3782954,0.38782063,-0.0030407680886631247,0.007076248353313488,0.010117016441976613,-0.020935183732232843,-0.004122674162740429,-0.1084078275629069
2023-12-26,-0.2654507679360404,97,-0.4786716,-0.12458545,0.35408616,-0.012359652780360067,-0.006535499235238487,0.005824153545121581,-0.030100447775994677,-0.0047415279844323305,-0.11942759723591634
2023-12-27,0.20813170629076372,97,0.15675479,0.33252233,0.17576754,0.007634759498311652,0.011213120748658335,0.0035783612503466826,-0.019421008474500883,-0.004047533580123224,-0.11270463871996206
2023-12-28,0.3005641248435333,97,0.28647837,-0.08034969,-0.36682805,0.0067928092433764175,0.0008257156940823781,-0.00596709354929404,-0.010057719981048643,-0.0036184682315982797,-0.10667741058825397
2023-12-29,0.12680149379339362,97,0.31994393,0.15692692,-0.16301702,-0.0007800254037797841,-0.005804141382857756,-0.005024115979077972,0.0034166646181518615,-0.0029502670877738823,-0.1073742249017654
2024-01-02,0.10666947191247632,97,0.18882227,-0.98934793,-1.1781702,0.005946282811760175,-0.012791748675626572,-0.018738031487386748,0.0182717561392964,-0.002439772146015558,-0.10206641959796459
2024-01-03,0.15023406269724382,97,0.09011532,0.126076,0.035960674,0.0033122791416753936,0.0035135614380971242,0.00020128229642173072,0.02286096295604372,-0.002650339478276795,-0.09909221292898907
2024-01-04,-0.13590803146780606,97,-0.1582682,0.0021566302,0.16042483,-0.0008610862688737529,-0.00012713146727892863,0.0007339548015948243,0.017509386335314892,-0.0022988374637312177,-0.09986797225395727
2024-01-05,0.14084710772188322,97,0.31566054,0.9697671,0.65410656,0.0029981394189417046,0.010883839514875692,0.007885700095933987,0.03158515165139238,-0.002074937590136293,-0.09716925093931983
2024-01-08,-0.06702345886808331,97,-0.46666113,-0.5914254,-0.1247643,-0.004214365873605476,-0.009713143381992894,-0.005498777508387419,0.025422596423115514,-0.0022226933338896854,-0.10097411003780277
2024-01-09,0.02203871239217336,97,0.08400652,0.21259272,0.1285862,0.0029148400395151313,0.003786083763143319,0.0008712437236281877,0.02876982448959984,-0.0017579857890444278,-0.09835359337718019
2024-01-10,-0.06756281415331503,97,-0.32261986,-0.34101164,-0.018391775,-0.029941241277260004,-0.008084526887551638,0.021856714389708366,0.033150701232339944,-0.0031179843229650283,-0.12535000598464852
2024-01-11,0.23671891436987164,97,0.4215229,0.05732142,-0.36420146,-0.005239528050830552,-0.0007977994969593914,0.0044417285538711606,0.04007067282922612,-0.003230498095399602,-0.12993275916295066
2024-01-12,-0.25098621922996,97,-0.7687325,-0.84137684,-0.07264437,-0.028553126774698488,-0.03158751173398113,-0.0030343849592826427,0.038862883012268416,-0.0033125556411584592,-0.154775899393083
2024-01-16,-0.19498211655796335,97,-0.52027786,-1.0051003,-0.48482236,-0.0055133122968102745,-0.011383972275971316,-0.005870659979161042,0.044515234158912634,-0.0031272002294751196,-0.15943588382051954
2024-01-17,-0.2705396591626341,97,-0.7505286,-0.084744476,0.6657841,-0.01956039518731403,-0.0016315273673522695,0.01792886781996176,0.008095472955462188,-0.00509758721067838,-0.1758776501132655
2024-01-18,-0.028574058489375127,97,-0.5508818,0.22623949,0.7771213,-0.002455361215945958,0.002851993588462203,0.005307354804408161,0.006275569736442621,-0.004912676350482661,-0.17790116816837165
2024-01-19,-0.2708955886283463,97,-0.3506491,0.29482678,0.64547586,-0.005417642788811288,0.0051134431584970675,0.010531085947308356,-0.003764186551696763,-0.005257635231760602,-0.18235500597633447
2024-01-22,0.22943404165790024,97,1.0022758,0.5922348,-0.41004103,0.009577853686510353,0.006967511816257117,-0.002610341870253236,0.0033379068629886973,-0.0042900583301858685,-0.17452372185606824
2024-01-23,-0.21276315964336387,97,-0.38419986,-0.36785653,0.016343316,-0.0025782565186981002,-0.0032411078993240397,-0.0006628513806259395,-0.01592966938132972,-0.004066889934278004,-0.17665201145122356
2024-01-24,0.2780480749000631,97,0.91270125,1.2142788,0.30157757,0.013058507652571036,0.014081851073153828,0.001023343420582792,0.0017400918221207346,-0.003261926147216295,-0.16590031544203032
2024-01-25,0.16776246581106666,97,0.2243243,0.3450466,0.12072231,-0.0005935441186847243,0.00021759269563057982,0.000811136814315304,0.023400753509476086,-0.0026736207141325285,-0.16639539040419649
2024-01-26,-0.15093099095308227,97,-0.3956289,0.415567,0.8111959,-0.00023163456351468076,0.014255189126642195,0.014486823690156875,0.005447618647283788,-0.0030669404172238455,-0.16658848204408405
2024-01-29,0.06560330317694088,97,0.12277177,-0.15692267,-0.27969444,-0.006396705023534691,-0.01074872541232586,-0.004352020388791169,-0.006300422436045833,-0.003726416130569401,-0.17191956968766442
2024-01-30,0.141266042499474,97,0.21027356,-0.749379,-0.95965254,-0.010735091765842496,-0.026993241252874143,-0.016258149487031647,-0.005577195000741814,-0.004224169448672536,-0.18080908909656568
2024-01-31,-0.02303808121186619,97,-0.6638336,0.37036267,1.0341963,-0.01014888632390698,0.004905167518687683,0.015054053842594664,-0.01206257265695894,-0.005028927905455894,-0.18912296452890243
2024-02-01,-0.02320902587839259,97,-0.18033743,-0.16606452,0.014272906,-0.012523147679469061,-0.011828151919566,0.000694995759903061,-0.02073472708574076,-0.005820699246513116,-0.19927769739399703
2024-02-02,-0.45626446454870606,97,-1.3035213,-1.3666607,-0.063139424,-0.032473509929256135,-0.0333728948084587,-0.0008993848792025677,-0.03675254873978576,-0.0074013204295322365,-0.22527996103824988
2024-02-05,0.15997790868924888,97,0.30374774,0.7303048,0.42655703,-0.00014812762672824532,0.011030263222104951,0.011178390848833196,-0.03579600869141748,-0.007558633781815734,-0.22539471847900006
2024-02-06,-0.17825642441851666,97,-0.62873596,-0.1577126,0.47102335,-0.009671924666249635,-0.0031038540600194743,0.006568070606230161,-0.041357656968939144,-0.007831511721447942,-0.23288664240795032
2024-02-07,-0.010716915632232272,97,0.18500489,0.79053515,0.60553026,0.001435366839443803,0.01074461725026643,0.009309250410822627,-0.04299543837015942,-0.007905485381451508,-0.23178555333236828
2024-02-08,-0.017410056806227644,97,-0.17454323,-0.093530625,0.08101261,-0.0062571738243275025,-0.0034218670066662868,0.0028353068176612158,-0.04048780050280505,-0.0067212820088048825,-0.23659240465952724
2024-02-09,0.22442404796970333,97,0.38977903,0.8048707,0.4150917,-0.005050627341718782,0.005594098236110486,0.010644725577829268,-0.041102543822813475,-0.006711836973349294,-0.24044809193342964
2024-02-12,-0.21796759941089838,97,-0.8296993,-1.6309541,-0.80125487,-0.020843642748818565,-0.037662372086755526,-0.01681872933793696,-0.03945161283186039,-0.0063263627720552985,-0.25627992055435267
2024-02-13,0.03405743740795287,97,0.008504629,0.5609054,0.55240077,-0.004846458662230647,0.008725560669561339,0.013572019331791986,-0.02799963513356458,-0.006293020090326317,-0.25988432917565685
2024-02-14,0.17440300862613087,97,0.27546316,0.65265864,0.37719548,-0.007979878966575598,0.0023273365496291974,0.010307215516204796,-0.005752501744126332,-0.005713994279289395,-0.26579036265010103
2024-02-15,-0.04811450700408324,97,-0.3122375,-0.50865316,-0.19641568,-0.003092306683768891,-0.008953341735119028,-0.005861035051350137,-0.006729524169861738,-0.005745841552680542,-0.2680607640189657
2024-02-16,0.058798583784847834,97,0.27434936,0.1138134,-0.16053596,-0.0007585204224517775,-0.002817229691225261,-0.0020587092687734837,0.009755184450797968,-0.005512885434362566,-0.26861595487745105
2024-02-20,0.10069955817378497,97,0.14268807,0.11045855,-0.032229513,-0.008811318078517141,-0.009889156360523607,-0.0010778382820064655,0.003318460276592205,-0.006432344022613941,-0.2750604123365783
2024-02-21,-0.035438144329896906,97,0.072259605,0.59004104,0.51778144,-0.004498482152781632,0.0035678116796777496,0.008066293832459381,0.012184711042265553,-0.006528355304318117,-0.27832154013352706
2024-02-22,0.24467441615821584,97,0.40871525,0.4221469,0.013431652,0.006522342209273432,0.005699574488957445,-0.0008227677203159873,0.01051602810517319,-0.006855163576482998,-0.2736145062532165
2024-02-23,-0.23920418682937086,97,-0.66831213,-0.45589316,0.21241896,-0.011638100391544705,-0.00785441672231775,0.003783683669226954,-0.009832304526848686,-0.007407391390125996,-0.2820682535524033
2024-02-26,0.05313749211024616,97,0.37198976,0.51279503,0.14080527,0.01276367229243777,0.01098450096170756,-0.0017791713307302097,0.00037111962631773443,-0.006757626047328375,-0.2729048080124086
2024-02-27,0.1761650536503261,97,0.4532359,0.046861168,-0.40637472,0.00967180952383065,0.0008112864640019877,-0.008860523059828663,0.005899207149986994,-0.005954200319960107,-0.2658724818098115
2024-02-28,-0.01179522076596411,97,-0.14524311,-0.1673756,-0.022132488,-0.012912509699230943,-0.010560392770180884,0.0023521169290500596,-0.0017538560132849107,-0.006063071216629529,-0.2753519105089146
2024-02-29,0.010033136966126656,97,0.13905734,0.4311571,0.29209977,-0.0020987905599301306,0.00607531250294125,0.00817410306287138,-0.00010029510438526873,-0.005660566428430687,-0.2768727950784099
2024-03-01,0.003484641279192089,97,0.1411224,0.42548457,0.28436217,-0.0046763539169288075,0.006379683405904282,0.01105603732283309,0.0012343882534939653,-0.005268226740303674,-0.2802543938155827
2024-03-04,0.14574395692258998,97,0.23228198,-0.007900646,-0.24018262,0.0068773972166099005,0.0009516825416949935,-0.005925714674914907,0.03133480932705877,-0.003300681383010372,-0.2753044173869428
2024-03-05,0.14664422470018934,97,0.23393452,0.5101612,0.2762267,0.0010479253094800049,0.008547928152527537,0.007500002843047532,0.030668125127605788,-0.00324087873619996,-0.2745449905442542
2024-03-06,-0.1999658110666947,97,-0.67363596,0.40423808,1.0778741,-0.031780321717241045,0.005578147726377056,0.0373584694436181,0.029582655795196887,-0.00434629858874953,-0.29760018413614187
2024-03-07,0.3736718914369871,97,0.8694228,0.1467193,-0.72270346,0.01812311422383222,0.0018466402528777,-0.016276473970954518,0.04880209614865786,-0.003511911219530109,-0.2848705120424424
2024-03-08,0.1357436610557943,97,0.13394909,0.34558702,0.21163793,-0.05966862051608331,0.0023996305138959703,0.062068251029979274,0.05645978204175896,-0.0061824835541179,-0.3275413020792429
2024-03-11,-0.10607151427943085,97,0.1428111,0.2757504,0.1329393,0.01551311653248473,0.004258376893212079,-0.011254739639272652,0.03993500392930224,-0.0051542963604077245,-0.31710937193511535
2024-03-12,0.06460393435724804,97,-0.486186,0.25117323,0.7373592,-0.008427686974397178,0.004391279745562176,0.012818966719959354,0.054063580617709564,-0.004533498571686655,-0.3228645603861957
2024-03-13,-0.14955028403113824,97,-0.16781712,-0.8683426,-0.70052546,0.0016504975376837646,-0.010623631715465034,-0.012274129253148799,0.04488319454575502,-0.004208650761690934,-0.32174695001043463
2024-03-14,-0.031217126025667997,97,0.29018348,-0.20187117,-0.49205464,0.023298783362055497,0.015716486911837402,-0.007582296450218094,0.03460218781316507,-0.0026447176452593793,-0.3059444791340744
2024-03-15,0.07628077003997474,97,0.05888121,0.25510633,0.19622512,0.02887119405469267,0.030860408297717166,0.0019892142430244977,0.040821951665367964,-0.0010465426083363014,-0.28590626750642345
2024-03-18,0.10422399084841864,97,0.02216047,0.5601584,0.5379979,0.001494120649419414,0.0108023147745368,0.009308194125117386,0.043093222018546505,-0.000933910554742742,-0.2848393253150838
2024-03-19,-0.01221596886177151,97,-0.12538451,0.50638133,0.63176584,-0.0027260846834187037,0.007993441055556421,0.010719525738975125,0.037447445666768685,-0.0006296488849878199,-0.28678891387652583
2024-03-20,-0.03597727750894172,97,0.19872916,0.47456697,0.2758378,-0.010317349750887512,0.004156223897817352,0.014473573648704864,0.03742048900781644,-0.000920592264893114,-0.2941473620982721
2024-03-21,0.142167256757214,97,0.48789284,0.035711408,-0.45218143,0.0033306885344293923,-5.4514555400754284e-05,-0.0033852030898301466,0.03229513103776635,-0.001080174948635316,-0.29179638681021614
2024-03-22,0.08165922068744383,97,0.16548893,-0.004443559,-0.16993248,-0.0008775475405653019,-0.002189787597285474,-0.001312240056720172,0.048338301413607086,-0.0005421473060863458,-0.2924178691491903
2024-03-25,0.14222596254996844,97,0.25738037,0.010900708,-0.24647966,-0.0018652855232147902,-0.0014889480709770796,0.0003763374522377107,0.052792724935593206,-0.0012735951968689738,-0.2937377118543518
2024-03-26,0.06460393435724804,97,-0.08203542,1.3931124,1.4751478,-0.009824653647104083,0.013902109085338283,0.023726762732442366,0.0472146689709393,-0.0022484183554157106,-0.300676494219394
2024-03-27,-0.19949242583631388,97,-0.28477663,0.33816493,0.62294155,-0.0077930122523135826,-7.4012545215312e-05,0.00771899970709827,0.03782980871742181,-0.0019924434830698424,-0.3061263308682731
2024-03-28,-0.11307332211235008,97,-0.5027565,-0.5910308,-0.0882743,-0.021549448925473544,-0.018750829270573262,0.0027986196549002825,0.031674485763497975,-0.002964976401347013,-0.3210789260619582
2024-04-01,-0.282434391551572,97,-1.2521434,-1.3401847,-0.08804129,-0.01201125219397302,-0.016122681560206516,-0.004111429366233496,0.017378534121959766,-0.0033317213151992237,-0.3292336183008311
2024-04-02,-0.18978802861350724,97,-0.3851617,-0.059886448,0.32527524,-0.006946986213987968,-0.0007812707214667846,0.006165715492521183,0.0006019348451549056,-0.004022940486729117,-0.33389342310730175
2024-04-03,0.11904323585104143,97,0.3198844,-0.44019994,-0.76008433,0.00344852616647674,-0.003553820195787965,-0.007002346362264705,-0.00077811459730249,-0.0039029104438792804,-0.33159633714722503
2024-04-04,-0.08846415574473081,97,-0.48104692,0.07879059,0.5598375,-0.00845888570193903,-0.0003116868256127313,0.0081471988763263,0.004796968168795704,-0.0027368386431141796,-0.33725028733405404
2024-04-05,-0.07433487512819967,97,-0.659006,-0.19005802,0.46894798,-0.012672621339940918,-0.0006108571862188062,0.012061764153722112,-0.017603370159463633,-0.004276625421302837,-0.34564906348582425
2024-04-08,0.12356669471912475,97,0.18757097,0.28599843,0.09842746,-0.009127434413272292,-0.00682036345692519,0.0023070709563471027,-0.018212218476297108,-0.0017495661161622857,-0.3516216087421207
2024-04-09,-0.11785977277508941,97,-0.5254758,-1.0974327,-0.57195693,-0.0012658902851718085,-0.009930720277340935,-0.008664829992169127,-0.018801631401080036,-0.0025885164570451126,-0.35244238464872935
2024-04-10,-0.05067851883021249,97,-0.16162756,-0.20437507,-0.042747516,0.0006588653851714119,-0.0015372510875099172,-0.002196116472681329,-0.02456575406045307,-0.0021341888390666833,-0.35201573135107034
2024-04-11,-0.022498948032821372,97,-0.005195856,-1.2406919,-1.235496,0.0132026157752835,-0.01417786828575778,-0.02738048406104128,-0.018213187260537222,-0.0015565829271866967,-0.3434606440236704
2024-04-12,0.1377025036818851,97,0.415219,-0.42828625,-0.84350526,0.01748727399043538,-0.0045768709459466156,-0.022064144936381997,-0.009767205775159568,-0.001847158395767702,-0.33197956042020826
2024-04-15,-0.1176099305701662,97,-0.26824835,-0.63940924,-0.3711609,0.006293228130278655,-0.007028713645402754,-0.013321941775681408,-0.019461740805666615,-0.0029760566919884027,-0.32777555539824366
2024-04-16,0.19709920050494423,97,0.30306393,-0.22939456,-0.5324585,0.012256612822338399,-0.0033345016001818297,-0.015591114422520229,-0.014817980322840336,-0.002437932083342454,-0.3195363606510484
2024-04-17,0.007771407532084999,97,-0.16588067,0.027534798,0.19341546,0.007803847419583889,6.996766779520045e-05,-0.0077338797517886885,-0.013818611503147508,-0.0019114354781923242,-0.31422612623499446
2024-04-18,-0.2223069640227225,97,-1.0089161,-0.08685424,0.9220619,-0.01027822696705739,-0.0017200935597793355,0.008558133407278056,-0.02313509582883655,-0.001909479339000818,-0.3212746657576293
2024-04-19,0.1684067957079739,97,0.3649978,0.77811664,0.41311884,0.002026825457775421,0.005216078497327777,0.0031892530395523557,-0.021823118881298554,-0.0019746724928335164,-0.31989900797134985
2024-04-22,0.07241479065853144,97,0.2799829,0.73770094,0.45771804,0.007528959676531947,0.016493385924049645,0.008964426247517698,-0.02228534038274417,-0.0015543471319786541,-0.31477855502639673
2024-04-23,-0.18890700610140962,97,-1.3129871,-0.46211362,0.85087353,-0.01985738116981704,-0.0070418538543539225,0.012815527315463116,-0.038841988815313075,-0.002453951914308767,-0.32838525844497035
2024-04-24,-0.04744371975594361,97,-0.39093435,-0.49387094,-0.10293659,-0.01465601355012995,-0.003972898074919774,0.010683115475210175,-0.04444437152097265,-0.00269551990946006,-0.3382284531976678
2024-04-25,0.06254027115351289,97,0.15334098,0.28047335,0.12713237,0.0018218951288927186,0.0008849341517829293,-0.0009369609771097892,-0.03134273667148131,-0.002214774540399745,-0.3370227748401089
2024-04-26,-0.0077056595834209965,97,-0.26224965,0.40087885,0.6631285,0.033972429694493905,0.05094368309382745,0.016971253399333544,-0.026074353545034866,0.0005613193905986277,-0.31449982766931384
2024-04-29,-0.05965968861771512,97,-0.06149769,-1.0759268,-1.0144291,0.0052031304236632905,-0.014603306677575227,-0.019806437101238517,-0.01493561839834202,0.0014220385214804433,-0.3109330808672336
2024-04-30,0.010085735325057856,97,-0.16240203,-0.39544365,-0.23304161,0.003604945160591078,-0.0040990997440125045,-0.007704044904603582,-0.0049419302014137665,0.0019496350902093954,-0.30844903241178256
2024-05-01,0.0371082642157756,97,-0.05180943,0.4690578,0.5208672,-0.021999756569717303,0.005784446281524969,0.027784202851242272,-0.009038678783177058,0.0006772209533996933,-0.32366298535427585
2024-05-02,0.026062486850410262,97,0.23256409,0.6596586,0.42709452,-0.0013670176528456134,0.007484449042414053,0.008851466695259666,-0.003312346653420004,0.0010318143558543642,-0.32458754999256945
2024-05-03,-0.12774826425415525,97,-0.29802647,0.12977642,0.4278029,-0.011055245783376454,0.001033074157095187,0.012088319940471642,-0.005983016109717783,0.0011126831336825875,-0.3320544006325541
2024-05-06,0.27464233115926784,97,0.45696786,0.18498296,-0.2719849,0.01261182656911822,-0.001703123645812546,-0.014314950214930766,0.001570765712289371,0.0021996461828021124,-0.3236303865757262
2024-05-07,-0.22175468125394485,97,-1.1804965,-0.79074484,0.3897516,-0.025750290694593524,-0.0195618751677485,0.006188415526845026,-0.003623979711653401,0.0009754261623310268,-0.34104710073839106
2024-05-08,0.09249421418051756,97,0.225272,0.7572147,0.5319427,-0.002248984186629788,0.00738909259281824,0.009638076779448028,0.0035346569388831016,0.0008300336837409669,-0.34252907538856425
2024-05-09,0.15621106475949903,97,0.32092586,0.18082051,-0.14010535,-0.00013416208018257603,-0.0047943132655502135,-0.0046601511853676374,0.012470157578499123,0.00016319479096766322,-0.3426172830554697
2024-05-10,-0.025563138587558674,97,0.033747174,-0.0028899375,-0.036637112,-0.0016729653998559467,0.0004168993404910504,0.002089864740346997,0.004306875465026933,-0.000794817178546903,-0.3437170615953812
2024-05-13,-0.08865453397853984,97,-0.04042691,0.4088098,0.44923672,-0.016272635743996622,0.005195118891139135,0.021467754635135755,0.00575464529460825,-0.0019231103722606667,-0.35439651479703926
2024-05-14,0.02076327044532589,97,0.061421394,0.44217315,0.38075176,0.01407542483817174,0.018827215007129295,0.004751790168957554,-0.0030621512083726667,-0.001832169771469,-0.3453093714658032
2024-05-15,0.2687390488227519,97,0.7384031,0.5099324,-0.22847068,0.008420000047995544,0.0047033793373119845,-0.0037166207106835597,0.00998623085616068,-0.001801362140048417,-0.3397968763421231
2024-05-16,0.0821717862402693,97,0.077030405,0.13581316,0.05878276,-0.0090324247803351,-0.0002418715257129544,0.008790553254622144,0.02521016836931027,-0.0017390720307123024,-0.34576011139630514
2024-05-17,-0.19444362259343506,97,-0.28360584,-0.2165307,0.067075156,-0.01108532632416705,-0.005792614286681623,0.005292712037485428,0.007067647454239821,-0.0023946796198094263,-0.3530125740557638
2024-05-20,-0.11637386913528298,97,-0.17058524,-0.08555385,0.085031405,-0.0007630286401009741,-0.0008518727788610011,-8.884413876002706e-05,-0.0023717855354509015,-0.002809279035641072,-0.3535062439915445
2024-05-21,0.21830948874395117,97,0.7854735,-0.20331095,-0.9887845,0.016822341352106054,0.002717685192924789,-0.014104656159181264,0.017989039206817138,-0.0009752929095449175,-0.34263070534596507
2024-05-22,0.10736640016831474,97,0.32787776,-0.6191059,-0.94698364,0.009160786931151587,-0.007865269676540717,-0.017026056607692304,0.025729545203030058,0.0002155471145191593,-0.33660868530255805
2024-05-23,-0.18004418262150218,97,-0.5609955,0.20513411,0.7661296,-0.01871345204903508,0.002078334338750645,0.020791786387785723,0.013600322514279303,-0.0008112202443772306,-0.34902302685989495
2024-05-24,-0.3014806438039133,97,-0.9941621,-0.8001312,0.19403088,-0.010890437086658156,-0.006151861475485363,0.004738575611172793,-0.001088426696745312,-0.0030543635834348335,-0.3561124506307404
2024-05-28,-0.16337050284031135,97,-0.87073386,-0.85004085,0.020693013,-0.014711386577956717,-0.010724151749049223,0.003987234828907493,-0.006273967407875125,-0.004050089433515834,-0.36558492928224473
2024-05-29,0.1743264034234904,97,-0.020422786,0.16345468,0.18387747,0.00296195684780217,0.004924410832294241,0.001962453984492071,0.0019380659970465023,-0.00408223884915528,-0.36370581921918343
2024-05-30,0.12716968230591205,97,0.5387169,0.8487044,0.3099875,0.013932599873337434,0.011157519506259265,-0.002775080367078169,0.006441136901553325,-0.0022856210270025424,-0.35484058699663124
2024-05-31,0.055859457184935825,97,0.38538316,0.40046406,0.015080913,0.006681055901743809,0.005554207168905634,-0.001126848732838175,0.007930985418279603,-0.0018832173492730714,-0.3505302408928195
2024-06-03,0.02786398064380391,97,-0.10159242,-0.3995291,-0.29793668,-0.004082225788045572,-0.013648405003624561,-0.00956617921557899,0.015711597663177562,-0.0015345663495065272,-0.35318152309200257
2024-06-04,0.12302756154007993,97,0.1883303,0.40458417,0.21625388,-0.0029153380129062563,0.0020725087237888295,0.004987846736695086,0.008130859182218167,-0.002310924578607751,-0.35506721758518256
2024-06-05,0.1893672417420576,97,0.2567821,0.19126691,-0.06551521,0.007386990017836813,0.004614563233453655,-0.0027724267843831584,0.028686955332018295,-0.0006540605429862341,-0.35030310555930866
2024-06-06,0.20099871462446417,97,0.26408806,-0.35491088,-0.61899894,0.008729253400510631,-0.004811341500621458,-0.013540594901132089,0.034112180354215614,-0.00010514866362921326,-0.3446317367342111
2024-06-07,-0.2493162213338944,97,-0.7125976,-0.30981904,0.40277854,-0.004691672125114454,-0.0032145097552352076,0.0014771623698792468,0.013835816049545951,-0.00033302416587580714,-0.34770650974665984
2024-06-10,-0.027758783925941506,97,-0.4932856,-0.28972492,0.20356067,-0.01426481746165961,-0.0010496463563014948,0.013215171105358116,0.013726033782626806,-0.0009626167689659904,-0.35701135731655265
2024-06-11,-0.02979697033452556,97,-0.16833535,0.4003829,0.56871825,-0.012496742511729192,0.002278132645438232,0.014774875157167425,0.01666891196482752,-0.0007738221073526188,-0.3650466208221339
2024-06-12,-0.06795707973911212,97,-0.10229842,-0.21536611,-0.11306769,-0.004047154566945109,-0.0040273688062764865,1.9785760668621893e-05,0.01223289445560562,-0.0016799510776084614,-0.36761637529047086
2024-06-13,0.002274879023774458,97,-0.26494333,-0.49203858,-0.22709525,-0.008123570993194338,-0.009125823641774658,-0.0010022526485803198,-0.0010903140343432511,-0.0025071296296679552,-0.3727535885607324
2024-06-14,0.06716810435514411,97,0.312461,0.56325823,0.25079724,0.00782687209862844,0.0076969472676844805,-0.0001299248309439604,-0.0018404981285995103,-0.001664164785719778,-0.3678442111240735
2024-06-17,-0.09927940248264253,97,-0.2201097,0.10937575,0.32948545,-0.0028515163317680385,0.0037846341165447914,0.00663615044831283,0.0029177128769401163,-0.0012524742860998278,-0.36964681368027497
2024-06-18,0.4394329896907216,97,0.7340396,0.3487164,-0.3853232,0.026662342470452044,0.00510064674564727,-0.021561695724804774,0.03070805581824034,0.00011879426942782313,-0.3528401211492779
2024-06-20,0.19695455501788342,97,0.2783092,0.27550265,-0.002806538,0.008090063747420016,0.003158965069217061,-0.004931098678202955,0.029640309131936958,-0.00031781961080647875,-0.347604556474603
2024-06-21,0.24072953923837573,97,0.7486493,0.7812278,0.032578528,0.01321714283660316,0.010862999462988503,-0.0023541433736146552,0.03630846608544001,-0.00011500181553390013,-0.3389817527115787
2024-06-24,-0.14005628024405636,97,-0.23663154,-0.27699167,-0.040360115,0.00012511934142258132,-0.00015833403098744042,-0.00028345337241002174,0.0383078612043123,0.000826926753988983,-0.33889904654380965
2024-06-25,-0.0911598305017237,97,-0.27416605,-0.28804007,-0.0138740195,-0.007221216139587641,-0.006977044526582187,0.000244171613005454,0.04882390186942178,0.0010103878013425088,-0.34367299941880425
2024-06-26,-0.05705606985062065,97,-0.19628465,-0.18314521,0.013139449,-0.006818293521868427,-0.006553025137534407,0.00026526838433402054,0.05413962351890632,0.0014050424541469232,-0.3481480295550944
2024-06-27,-0.11238954344624447,97,-0.18238667,0.08802825,0.27041492,-0.0064123315306775855,-0.0008653312426262567,0.005547000288051329,0.03980382617541957,0.0009363280352229353,-0.3523279204985126
2024-06-28,-0.024602882390069428,97,0.31429932,0.05887797,-0.25542134,0.014168440301216983,0.010441307823992663,-0.00372713247722432,0.0322151979406205,0.0009481200566169128,-0.3431514173053307
2024-07-01,0.012939196297075531,97,-0.028268188,0.13778038,0.16604857,0.0040990636374930575,0.003862207474504772,-0.00023685616298828535,0.03006918489622748,0.0008190204434043752,-0.3404589531646681
2024-07-02,-0.05242741426467493,97,0.13013473,0.35517612,0.22504139,0.004595303832268898,0.005626343310817198,0.0010310394785483,0.02605461515080354,0.0012528969244200987,-0.3374281616646071
2024-07-03,0.2286713654533978,97,0.6693886,0.5647874,-0.1046012,0.019053377182842515,0.014951315980813276,-0.004102061202029238,0.03133680534646944,0.0023513326842075372,-0.32480393051807355
2024-07-05,0.03662160740584893,97,0.23672289,0.038876183,-0.1978467,0.008579260648094661,0.002435103333096699,-0.006144157314997962,0.023699523629659,0.0024109462157204295,-0.3190112474494191
2024-07-08,0.04547800559541457,97,0.10586516,0.07985832,-0.026006842,0.004645508714520647,0.001777580352523412,-0.002867928361997235,0.015923488178206522,0.0022067589814209307,-0.3158477082649548
2024-07-09,0.05387386913528297,97,0.041971117,0.44938174,0.40741062,-0.004249039718556578,0.0022598493802831773,0.006508889098839755,0.03108299270166539,0.0022288906017488242,-0.3187546985260785
2024-07-10,0.1378734483484115,97,0.8923454,0.8321686,-0.06017685,0.020862820165324356,0.017452068559935207,-0.0034107516053891495,0.039364604315383044,0.003985272483098023,-0.304542000312956
2024-07-11,0.12638070692194403,97,0.010876551,0.22383077,0.21295422,0.004606819588638849,0.007216871106243396,0.002610051517604546,0.047173488178206525,0.004840450588116425,-0.30133815077692216
2024-07-12,0.07689880075741637,97,0.58033115,0.24296768,-0.33736348,0.0037687895392633417,-0.0023694109414205892,-0.006138200480683931,0.05441628220303294,0.005231247793426848,-0.29870504130808784
2024-07-15,-0.01806753629286766,97,-0.08626628,1.1544603,1.2407266,-0.007744066481686199,0.0163246514948729,0.024068717976559097,0.05339916143720084,0.005250223019002255,-0.3041359160914694
2024-07-16,0.26475471003558676,97,1.4728221,0.6129937,-0.85982835,0.020094988418474347,0.0007018923010891441,-0.0193930961173852,0.06327849172122298,0.00586362883499455,-0.29015253538449515
2024-07-17,-0.18703976435935196,97,-0.62146634,-1.1411022,-0.51963586,-0.01242530302367907,-0.020218720706936293,-0.007793417683257224,0.058890473627387495,0.005384939500398998,-0.2989726052329331
2024-07-18,0.018626455089172975,97,0.23546946,0.032640032,-0.20282942,0.011909246887641483,-0.000511182798287324,-0.012420429685928807,0.03785014689731007,0.00464728472125847,-0.2906238969136521
2024-07-19,-0.010401325478645064,97,-0.2604049,0.48249897,0.7429039,0.00014917849212013265,0.010822629059068717,0.010673450566948585,0.027482352872483646,0.004250240458493476,-0.29051807325624757
2024-07-22,-0.16614506627393222,97,-0.20254366,0.0122632915,0.21480696,-0.0009065587261638825,0.0026672896274864658,0.0035738483536503483,0.007138622596868245,0.003544055380355124,-0.2911612602879926
2024-07-23,0.40128734906903757,97,1.3054261,0.17918536,-1.1262407,0.027136754099211693,0.0044557263293106015,-0.02268102776990109,0.03420580406252294,0.004894637118244579,-0.2719256777124327
2024-07-24,-0.11092993898590364,97,-0.21768242,-0.07866139,0.13902104,-0.009955882715550013,-0.005140414406664895,0.004815468308885118,0.03321729863831394,0.004757903789446461,-0.27917430027333134
2024-07-25,0.04491899852724594,97,-0.119855046,0.806754,0.92660904,-0.0033575444805046956,0.010802963919022416,0.014160508399527112,0.03831605205720727,0.004930941241514648,-0.2815945046228546
2024-07-26,0.0353329476120345,97,0.24807698,0.10684484,-0.14123213,0.00428161402682083,-0.0012314370413977673,-0.005513051068218597,0.04570217661012123,0.005465638519389568,-0.2785185695769026
2024-07-29,-0.12789290974121606,97,-0.5500695,-0.3482007,0.2018688,-0.008885244233976157,-0.009563067828216377,-0.0006778235942402198,0.040537675242563895,0.0043129542926299115,-0.2849291082964903
2024-07-30,0.35282979171049866,97,1.2041388,0.6792919,-0.52484685,0.019334569853540068,0.01489100777575189,-0.004443562077788177,0.05753220501323504,0.005074729603432262,-0.27110352019061557
2024-07-31,0.2389411950347149,97,0.8420607,-0.3535212,-1.1955819,0.017721997904917207,-0.013753968315261976,-0.03147596622017918,0.07210063547820453,0.005731064307064678,-0.25818601830253207
2024-08-01,-0.2940511256048811,97,-0.9199184,-0.71779996,0.20211843,-0.012657729494488366,-0.018508446959738734,-0.005850717465250367,0.045964510925290594,0.004145508973198133,-0.267575699018088
2024-08-02,-0.031243425205133596,97,0.11216116,-1.507742,-1.6199032,-0.0025915221262683592,-0.027455721921676307,-0.024864199795407948,0.04257125929474147,0.003586969834479982,-0.26947379279989925
2024-08-05,0.22203374231014827,97,0.3372022,0.7039797,0.36677748,0.007225287402289337,0.014402530489500867,0.00717724308721153,0.05139904613047815,0.0037159587688684165,-0.2641955309979741
2024-08-06,0.08180359772775089,97,0.28330004,0.15064816,-0.13265187,0.012170581411742251,0.005639148717254093,-0.006531432694488158,0.05279553256010154,0.004536939825383357,-0.25524036280486107
2024-08-07,0.11503261098253734,97,-0.54381555,0.30635738,0.85017294,-0.011432344215759262,0.011485831630906398,0.02291817584666566,0.05165349069180784,0.002922181606329177,-0.26375471133527983
2024-08-08,0.1723648222175468,97,0.0855913,0.09236512,0.0067738215,0.0027731742308676768,0.0003319728117193896,-0.0024412014191482873,0.05395269645658798,0.0028304993384406186,-0.26171297487315714
2024-08-09,-0.14330422890805805,97,-0.16368896,-0.20434566,-0.040656693,-0.0017537373951759367,-0.0029511380438892454,-0.0011974006487133087,0.042942544973314255,0.002554372991718655,-0.2630077364374953
2024-08-12,0.15755838417841364,97,0.33655292,0.59351957,0.25696665,0.003760711939376508,0.010836229486021335,0.007075517546644827,0.05172384099687832,0.0031296119127717905,-0.26023612083268766
2024-08-13,-0.03166421207658321,97,-0.16245303,-0.07294436,0.089508675,-0.0017953945132081163,-0.0016662401218923678,0.00012915439131574855,0.03690289489126982,0.0020350927661876668,-0.2615642888424142
2024-08-14,0.1804386703134862,97,0.48329028,0.8519067,0.36861643,0.005067252410717902,0.019021441514237212,0.01395418910351931,0.055276816624911726,0.0029097205379075156,-0.2578224487048908
2024-08-15,-0.05165158847043971,97,-0.113195896,0.1948469,0.3080428,-0.0015216565202026177,0.003398066886527598,0.0049197234067302155,0.05176291444693108,0.0022381753675153105,-0.258951788014967
2024-08-16,0.124934252051336,97,0.105306834,0.59241754,0.4871107,0.00810396000112837,0.017098224676268477,0.008994264675140107,0.05852969332343015,0.002635914442965722,-0.2529463629461326
2024-08-19,0.14682831895644854,97,0.17572898,-0.26290956,-0.43863854,0.005712283421464015,-0.0052659643366199955,-0.01097824775808401,0.07417836258494918,0.0029668565503471168,-0.24867898084024542
2024-08-20,0.22320186987901314,97,0.4896183,0.37399486,-0.11562346,0.014395052000096813,0.008414987970027722,-0.0059800640300690915,0.06527408862544797,0.002329771445391373,-0.23786367570067501
2024-08-21,0.036279718072796126,97,0.19246897,-0.124422766,-0.31689173,0.004421546535103498,-0.006021800229187892,-0.01044334676429139,0.07263457147838295,0.0030486429079240483,-0.2344938544766929
2024-08-22,-0.1770460761624237,97,-0.31326908,0.809112,1.1223811,-0.00949986264955369,0.017910715591702157,0.027410578241255847,0.06153631774389947,0.002741526999471599,-0.24176605771655357
2024-08-23,-0.11837260677466863,97,-0.35773668,-0.11947065,0.23826602,-0.006363669034856249,-0.004335833840869914,0.002027835193986334,0.05385104002456431,0.0022092628463877455,-0.24659120757623976
2024-08-26,0.1779796970334525,97,0.15004289,0.07521503,-0.07482787,0.006815483658666939,0.0010684029390617177,-0.005747080719605222,0.06914467036329774,0.0029942992410199,-0.24145636226317968
2024-08-27,-0.24442457395329265,97,-0.36854675,-0.35410076,0.014446004,-0.011363852706658843,-0.011429277558742415,-6.542485208357143e-05,0.03928195208010818,0.0014593781130099546,-0.25007634043399407
2024-08-28,0.016035977395867592,97,-0.09892401,0.04595409,0.1448781,-0.0017253940531488478,0.00045350348161878414,0.002178897534767632,0.028136691198165815,0.0004870085151066516,-0.2513702542565249
2024-08-29,0.012413212707763516,97,0.04769084,0.38893858,0.34124774,0.0054747962944319975,0.00543095466842987,-4.384162600212793e-05,0.043459908113798046,0.0013936348045526699,-0.247271658898627
2024-08-30,-0.22900010519671785,97,-0.47396523,-0.70575553,-0.23179032,-0.003476261833802329,-0.014664556470141456,-0.011188294636339127,0.03357207411421883,0.0013493978191759712,-0.24988833970201907
2024-09-03,-0.10097569955817377,97,-0.16116352,-0.37198555,-0.21082203,-0.008480731659799054,-0.013096503092365139,-0.004615771432566085,0.01742160202080273,0.0005640968660715519,-0.2562498354078926
2024-09-04,-0.14281816358878058,97,-0.36419553,-0.42765206,-0.06345655,-0.0036804644994736617,-0.00528395890962244,-0.0016034944101487782,0.006190513954976157,-0.0002284554294892438,-0.25898718148515154
2024-09-05,-0.07401904060593309,97,0.16375959,-0.6484666,-0.8122262,0.0029784380473212475,-0.009237009889626164,-0.012215447936947411,-0.0032620686244473644,0.0004920836836647816,-0.2567801207129342
2024-09-06,0.1768751314958973,97,0.51197225,0.9203575,0.40838528,0.010933799229750532,0.013756074125644058,0.0028222748958935248,-0.0030365531605298394,0.0009001149336089244,-0.24865390376925
2024-09-09,-0.1535740584893751,97,0.31733698,0.4181775,0.1008405,0.001097956014746937,0.006849828267560053,0.005751872252813116,-0.0035500446395956924,0.001042699604105068,-0.2478289588037368
2024-09-10,-0.06503150980833389,97,0.0065497607,-0.15583555,-0.16238531,-0.005149557889060515,-0.002511769366536637,0.0026377885225238786,-0.014679539338933068,0.0005971861126832169,-0.2517023071228518
2024-09-11,0.05240111508520934,97,0.07889429,0.2885647,0.20967042,0.0008508899647629545,0.0030569443316415387,0.002206054366878584,-0.010476272980843441,0.0007295003365817705,-0.2510655881253273
2024-09-12,0.21287870818430463,97,0.49390686,0.91412234,0.4202155,0.007049530976198713,0.013617714211744906,0.006568183235546193,-0.00885427108730252,0.000828614264855811,-0.24578595178967566
2024-09-13,0.09262571007784556,97,0.12552744,0.63156986,0.5060424,-0.0006702349792419718,0.005821390765174493,0.006491625744416465,-0.0016404061598882566,0.0008711853419038433,-0.24629145242662198
2024-09-16,0.12364559225752154,97,0.080356434,0.033068586,-0.04728785,-0.002440899686238466,0.005622490908948992,0.008063390595187458,-0.0017048391495789786,0.0003439423575355016,-0.24813117938390916
2024-09-17,-0.19325358081046992,97,-0.34139314,-0.21874145,0.1226517,-0.007785936426190637,-0.004187147698241262,0.003598788727949375,-0.018708934137924904,-0.000330968634847231,-0.253985182222061
2024-09-18,-0.13256101409636017,97,-0.83771765,-0.11731067,0.72040695,-0.015939947882515276,0.0030525554126265945,0.01899250329514187,-0.036497078336693564,-0.0018477186289778355,-0.26587661953702546
2024-09-19,0.305188828108563,97,0.7939023,0.4675318,-0.32637048,0.010541012855879092,0.0031206557747841942,-0.007420357081094897,-0.02305162283490523,-0.0015417453129390557,-0.25813821554576377
2024-09-20,0.251709446665264,97,0.58184326,0.49284554,-0.088997744,0.007755033621706294,0.004663699279889334,-0.003091334341816959,-0.00161384669352084,-0.0006790004993760565,-0.25238505246466214
2024-09-23,0.06457763517778245,97,0.08960152,0.49773446,0.40813294,-0.003888644304836002,0.005798489555004855,0.009687133859840857,0.007533665404101715,-0.0005552492628750443,-0.2552922610726057
2024-09-24,0.11879339364611823,97,0.0776678,-0.40607366,-0.48374146,0.003265014269926582,-0.005875697952773657,-0.009140712222700239,0.004574350234735001,-0.0007327727323120621,-0.25286077967808296
2024-09-25,-0.04382758257942352,97,0.013308644,0.6556074,0.64229876,-0.00542054302248858,0.007228905997823408,0.012649449020311988,0.014604199803428456,-0.000435607248103549,-0.25691067996562655
2024-09-26,0.22442404796970333,97,0.50873023,0.47789598,-0.030834239,0.009701441399470687,0.007315650782538287,-0.0023857906169324015,0.025023603332120243,0.00013573452452742777,-0.24970164247274051
2024-09-27,0.17056332842415312,97,0.52505684,0.20429872,-0.3207581,0.005691677664929003,-0.0016121363913323855,-0.007303814056261389,0.03293110911793972,0.00014657859305227807,-0.2454311860691697
2024-09-30,-0.06428834420366084,97,-0.2913027,-0.5068317,-0.215529,-0.0117689564213844,-0.018348478391252337,-0.006579521969867938,0.041166697167592574,-0.0002680561363268255,-0.25431167355725737
2024-10-01,-0.06435409215232483,97,-0.2679512,-0.4903339,-0.22238272,-0.012834136066565792,-0.00767685806628077,0.005157278000285022,0.04299777753788502,-0.0004857263566651624,-0.26388193900207324
2024-10-02,-0.23650852093414682,97,-0.6006405,-0.7342852,-0.1336447,-0.00903765147102005,-0.011452755240747023,-0.0024151037697269727,0.0383132596706167,-0.0007535857052424819,-0.27053471747889557
2024-10-03,-0.0586208710288239,97,-0.21499452,0.41294232,0.62793684,0.0026468978925071676,0.013032399851544883,0.010385501959037716,0.03908316814947217,-0.000770162712983186,-0.2686038973599333
2024-10-04,-0.07344045865768987,97,-0.50273323,-0.98268086,-0.4799476,-0.007471130226598452,-0.013885724084487464,-0.006414593857889012,0.02656738864179281,-0.0016904091858006352,-0.2740682528899837
2024-10-07,0.2381522196507469,97,0.67995,0.41030824,-0.2696418,0.009045931809698558,0.001481373114385138,-0.0075645586953134196,0.04615370254879891,-0.001293010396053054,-0.2675015238071312
2024-10-08,-0.07279612876078266,97,-0.525363,0.09443647,0.6197995,-0.014626589636018232,-0.005466974056272786,0.009159615579745446,0.04576547160117647,-0.0017668619834009399,-0.278215478427413
2024-10-09,0.0041815695350305064,97,0.08809495,-0.30740777,-0.39550272,0.0023209855251372646,-0.0044825147951888435,-0.006803500320326108,0.04335449432366753,-0.0016933572053822242,-0.276540227000575
2024-10-10,0.09161349283887618,97,0.14892304,0.79051167,0.6415886,-0.0047545681707223605,0.009207444805265265,0.013962012975987625,0.03729123355639611,-0.002283562162728278,-0.2799799658100761
2024-10-11,0.12379023774458237,97,0.25660458,0.71024764,0.45364305,0.006162806387363404,0.01138354420921587,0.005220737821852465,0.03884945993973295,-0.0019419100943980094,-0.27554262174434085
2024-10-14,-0.05948874395118872,97,0.07507958,0.119167,0.044087417,-0.0006374783905745795,-0.0026924152134313725,-0.002054936822856793,0.029692743129297434,-0.0018517390296148145,-0.27600444766787113
2024-10-15,-0.20554123711340203,97,-0.62325394,0.24250892,0.8657628,-0.014366529240781797,0.0030833539779469535,0.01744988321872875,0.02907836031415083,-0.002180768670344373,-0.2864057509406466
2024-10-16,0.1100883652430044,97,-0.66305864,-0.34740165,0.31565696,-0.00735067874597032,-0.004784290512923775,0.0025663882330465453,0.04121082928111906,-0.001751305213517125,-0.29165115302045375
2024-10-17,0.15352146013044393,97,0.2494377,0.42319468,0.17375697,0.0015640880784483398,0.004132634714002883,0.0025685466355545436,0.033627460882213106,-0.0022001514523886626,-0.2905432330335104
2024-10-18,-0.1493530401851462,97,-0.29831862,-0.8264647,-0.5281461,-0.0013271606769342335,-0.008940530331093006,-0.007613369654158772,0.013574336539692594,-0.0026542611673206888,-0.29148479615661327
2024-10-21,-0.08018619819061644,97,-0.47529736,-0.5334209,-0.058123562,-0.004304456727459903,-0.005030909484953445,-0.0007264527574935418,0.0063361448712726505,-0.002675051788451884,-0.2945345691923046
2024-10-22,0.07262518409425626,97,0.032702386,-0.5106526,-0.543355,0.0029398348385667704,-0.007876362233975925,-0.010816197072542695,0.004027734393679553,-0.002691310760019875,-0.2924606173414116
2024-10-23,-0.06147433200084157,97,-0.7355977,-0.37682304,0.3587747,-0.012822785739608588,-0.003302581440477488,0.0095202042991311,0.003145396922608651,-0.003061422895875875,-0.3015332432475776
2024-10-24,-0.07092888701872502,97,-0.22978717,-0.53528094,-0.30549377,-0.005208185726307125,-0.006089334141192271,-0.000881148414885145,-0.011622249826812767,-0.0038069042521647655,-0.30517098784039554
2024-10-25,-0.03023090679570797,97,-0.46002436,0.3366716,0.79669595,-0.01553310426078349,0.0017984389141154516,0.01733154317489894,-0.02166196158780582,-0.00486814334845039,-0.31596383932968786
2024-10-28,-0.2473569324637071,97,-0.5776632,-0.4265279,0.1511353,-0.007547537632237436,-0.004953344200923146,0.00259419343131429,-0.030815391000808136,-0.004657072408993042,-0.32112662799415825
2024-10-29,0.09162634125815274,97,0.29076713,0.060454853,-0.23031227,0.0059930474824288335,0.0019274849420527426,-0.004065562540376091,-0.023016369330284257,-0.0037157132315433104,-0.3170581076411707
2024-10-30,0.08215863665053649,97,0.3032391,-0.471556,-0.7747951,0.006465089251491006,-0.006694815168622049,-0.013159904420113056,-0.0070830114510500915,-0.002940576195417758,-0.3126428273534887
2024-10-31,0.09099516095097833,97,0.1212409,0.25221094,0.13097005,0.006503898440404887,0.003856035656196089,-0.002647862784208798,0.0003977901479400206,-0.002747726168022872,-0.308172326110312
2024-11-01,0.0822901325478645,97,0.46629265,0.3619131,-0.10437954,0.011722041239521142,0.004420824513681029,-0.007301216725840112,0.008184319708217739,-0.0017880675947168922,-0.3000626935863351
2024-11-04,-0.058660319798022297,97,-0.22221047,0.80320305,1.0254135,-0.012582050552149532,0.011028482094596281,0.023610532646745813,-0.00665630726422072,-0.0028694667128092966,-0.30886934015896716
2024-11-05,-0.368972126067525,97,-2.9390864,-0.10799767,2.8310888,-0.04330113140000892,0.0011098383552627991,0.04441096975527172,-0.021465107129557837,-0.004303193801008831,-0.33879607967531855
2024-11-06,0.2675284031138228,97,0.81649566,0.16624036,-0.65025526,0.017683064290745277,0.0009525167884908834,-0.016730547502254393,-0.008297765450618222,-0.0035350898627284307,-0.3271039682429244
2024-11-07,0.08313170629076372,97,0.462061,0.3122189,-0.14984208,0.00505988056114222,0.00022509427360047147,-0.004834786287541748,-0.008721854778023844,-0.003044367426135202,-0.3236991946921671
2024-11-08,-0.09772775089417209,97,0.0006823838,0.16325186,0.16256948,-0.004566292131449405,0.002018096142400631,0.006584388273850036,-0.019797754209961566,-0.0035808223520758424,-0.3267873817379372
2024-11-11,-0.211997685672207,97,-0.5686494,-0.78667593,-0.21802649,-0.005879258085703687,-0.014151983105428966,-0.008272725019725279,-0.02742320129601248,-0.003842911336832298,-0.3307453724672522
2024-11-12,0.03008626130864717,97,-0.17521185,-0.27211106,-0.09689922,-0.008401231697391901,-0.0041509226935231465,0.004250309003868755,-0.01564182637491002,-0.003544646459662802,-0.3363679356577066
2024-11-13,-0.025825794235219857,97,0.0434345,-0.259567,-0.3030015,0.006488649466567161,0.002045851714160303,-0.004442797752406857,-0.022437534348821234,-0.0028526800490359288,-0.3320618598174151
2024-11-14,0.09712318904951048,97,0.333612,-0.08252025,-0.41613224,0.01155547657133574,-0.0016965022333356931,-0.013251978804671433,-0.025257447902867908,-0.0023531106243915587,-0.32434351628743374
2024-11-15,0.05781874605512307,97,0.22401014,0.32217443,0.0981643,-0.0005437690552072081,0.0008403452512066984,0.0013841143064139065,-0.014898858590854444,-0.0023139410433052074,-0.3247109173752267
2024-11-18,-0.06259204712812959,97,-0.34750348,-0.21932095,0.12818252,-0.006650619340151133,-0.0026608779486580907,0.003989741391493043,-0.0140191510377301,-0.002431249173939769,-0.3292020080083239
2024-11-19,0.15015516515884703,97,0.23142931,0.045062102,-0.1863672,0.013780220947244532,0.0014754011340576178,-0.012304819813186915,-0.010142651984500563,-0.0018892298685058806,-0.3199582634677106
2024-11-20,0.04341994529770671,97,-0.007823646,0.8166976,0.82452124,-0.0072530575810634094,0.010447401664443433,0.017700459245506842,-0.004897938119573149,-0.001610743460578622,-0.32489064534030565
2024-11-21,0.07806279607262645,97,0.19864531,0.29201642,0.09337111,0.010102358210586505,0.007154608625909389,-0.002947749584677116,0.0025516460349944243,-0.0008452162637339403,-0.31807044880821544
2024-11-22,0.012833999579213126,97,0.46846104,0.5936907,0.12522964,0.00966549615119354,0.015078618445091443,0.0054131222938979045,0.004704891353740479,0.00041471375686491117,-0.3114792613557862
2024-11-25,0.0900878392594151,97,0.07981492,0.024908047,-0.05490687,0.003971731134383083,0.0002505503099645467,-0.0037211808244185358,0.021577129939896588,0.0009906771951959372,-0.3087446421014446
2024-11-26,0.2560488112770881,97,0.43756127,0.31240574,-0.12515555,0.012007235445187447,0.008242110540272766,-0.003765124904914681,0.02979825344084336,0.001291386593333868,-0.3004445762664093
2024-11-27,0.1212260677466863,97,0.30054972,0.3883019,0.087752186,0.0031930385817438007,0.005311850197029949,0.002118811615286148,0.03175162499565085,0.0011277840598465077,-0.2982108688083598
2024-11-29,-0.021091941931411735,97,-0.024371922,-0.15670994,-0.13233802,-0.0013537831449419505,-0.0023943155160146674,-0.0010405323710727169,0.026147269851531346,0.0007348999805791657,-0.2991609391054705
2024-12-02,0.07027163854326889,97,-0.06329769,-0.17666169,-0.113363996,0.0034263617315487493,-3.670499067147319e-05,-0.0034630667222202223,0.025546345151301563,0.00032011600518054605,-0.296759610967247
2024-12-03,-0.19399589732800335,97,-0.6551136,-0.17488264,0.48023093,-0.014734087989511346,-0.003473696764964305,0.01126039122454704,0.018779566274802515,0.00021251413331245536,-0.30712121673703385
2024-12-04,0.23339206816747315,97,0.41528347,0.100981854,-0.3143016,0.0056281382250424426,-0.005858947497830511,-0.011487085722872954,0.04889777598655242,0.0026589776145650233,-0.3032215991716306
2024-12-05,0.07349329861869944,97,0.18994969,-0.3298989,-0.5198486,0.0018270362363383618,-0.004222864363167755,-0.006049900599506117,0.03919602076179625,0.0018661762118446774,-0.3019485597846192
2024-12-06,0.12573637702503682,97,0.35419655,-0.15001154,-0.5042081,0.003941907740021105,-0.0022298656358272716,-0.006171773375848376,0.041326254298509904,0.001810277570788622,-0.2991969054095013
2024-12-09,0.14150977510916696,97,0.75492233,-0.17259832,-0.92752063,0.01590930035443943,-0.002524100874864409,-0.01843340122930384,0.053288130598676854,0.002834057195083064,-0.2880476184883404
2024-12-10,-0.25147275405007363,97,-0.78882754,-0.1589615,0.629866,-0.012561130915262066,-0.0007903058128001575,0.01177082510246191,0.05131437717978353,0.002499963553605145,-0.296990545557941
2024-12-11,0.2613743951188723,97,0.75797784,0.26093268,-0.49704516,0.011120269416742991,0.0012261095448658937,-0.009894159871877098,0.06287878387029477,0.003476038609311889,-0.2891728910220278
2024-12-12,0.028613507258573527,97,0.05330324,0.07855362,0.025250375,-0.005281876934130356,0.0005092230939803295,0.005791100028110685,0.06560074894498444,0.0028875122892770134,-0.2929273923330932
2024-12-13,-0.2768514622343783,97,-0.71405846,-0.7765826,-0.06252414,-0.0054406600401366995,-0.009001935514427559,-0.0035612754742908592,0.046902016380790015,0.002037705458703391,-0.2967743340151018
2024-12-16,0.09709688978358859,97,0.0714134,-0.527348,-0.5987614,0.004362003193519344,-0.008810054787451957,-0.013172057980971302,0.048865923567213296,0.002282994071139719,-0.2937068614143108
2024-12-17,-0.27483957500525985,97,-0.9441155,-2.695656,-1.7515405,0.0058328758809113,-0.027402477261003078,-0.03323535314191438,0.03825354717335677,0.002907168832192841,-0.2895871412014013
2024-12-18,0.09378287397433198,97,0.09350798,0.0009461359,-0.09256185,0.004799714359792499,-0.00046926060924299876,-0.005268974969035498,0.035434932614131026,0.002458143502820239,-0.2861773624016445
2024-12-19,0.25365558594571846,97,0.5280397,0.9885606,0.4605209,-0.0006960962421282847,0.012234573048203471,0.012930669290331756,0.04594671464653161,0.0027859915697669956,-0.2866742516572228
2024-12-20,-0.004221073809982683,97,0.13449493,0.4459083,0.31141338,-0.0046122609244302745,0.006970742243457517,0.011583003167887792,0.04183252115240115,0.0020502606130161564,-0.28996429613269414
2024-12-23,-0.03342625710077845,97,-0.046134263,0.47857437,0.5247086,-0.0011732921605689456,0.007459806168547362,0.008633098329116308,0.03951950831840158,0.0015083211974280322,-0.29079737545776574
