feature,mean_abs_shap,std_abs_shap,lgbm_importance,rank,selected,shap_pct,cumulative_shap_pct
high_low_pct,0.03381299249078182,0.03884147383357623,404,1,True,11.05,11.05
gap,0.02102280661016067,0.03269855700608901,890,2,True,6.87,17.92
aroon_AROOND_14,0.016455676412652484,0.012736193074096003,321,3,True,5.38,23.3
ppo_PPOh_12_26_9,0.009689683402741282,0.00911947303364516,329,4,True,3.17,26.47
volume_ratio,0.009554472869642505,0.007934912318716339,303,5,True,3.12,29.59
atr_pct,0.009430254114654155,0.014128155069817301,562,6,True,3.08,32.67
smi_SMIo_5_20_5_1.0,0.00822840472933808,0.011808510877354692,415,7,True,2.69,35.36
intraday_range,0.007559072875093336,0.010127836815996326,448,8,True,2.47,37.83
aroon_AROONU_14,0.007332769366389455,0.009622685965882082,208,9,True,2.4,40.23
stoch_STOCHh_14_3_3,0.006906203904579566,0.008661288195758279,419,10,True,2.26,42.49
cmf,0.006597174595656379,0.005199465673165416,176,11,True,2.16,44.65
mstd_20,0.006385764355585435,0.01200900514696732,255,12,True,2.09,46.74
bear_power,0.006246341873728224,0.005756028720706067,158,13,True,2.04,48.78
sma_200,0.006037838962657644,0.010968844059965208,167,14,True,1.97,50.75
stochrsi_STOCHRSId_14_14_3_3,0.005840996874668725,0.009753393874636354,298,15,True,1.91,52.66
trix_TRIXs_30_9,0.005597941364438192,0.006254846962423957,348,16,True,1.83,54.49
psl,0.005495782833694922,0.007563398195165409,113,17,True,1.8,56.29
adx_DMP_14,0.005335136415864604,0.004590193189632146,227,18,True,1.74,58.03
willr,0.0051453472523182355,0.006757071653394784,242,19,True,1.68,59.71
stoch_STOCHd_14_3_3,0.004937257123485594,0.007125439753597177,241,20,True,1.61,61.32
rvgi,0.004844242264317116,0.006818578339608071,201,21,False,1.58,62.9
bb_BBP_5_2.0_2.0,0.004617851829463357,0.007396790543173619,382,22,False,1.51,64.41
cci,0.004083200676701436,0.005061978032468959,287,23,False,1.33,65.74
log_return,0.0038968275241584144,0.004509510753546119,191,24,False,1.27,67.01
ad,0.003859598359001655,0.005940730474195978,265,25,False,1.26,68.27
true_range,0.0037642880309268043,0.00636853422754237,138,26,False,1.23,69.5
return_5d,0.0037271906369666374,0.010091519063705019,345,27,False,1.22,70.72
return_1d,0.0036040983393350024,0.006176814418605565,240,28,False,1.18,71.9
bop,0.003486918526781026,0.00475693566147355,202,29,False,1.14,73.04
adx_DMN_14,0.0034647266860913972,0.005187873371738335,331,30,False,1.13,74.17
ichimoku_ISA_9,0.0033486782192913307,0.007503233244537756,81,31,False,1.09,75.26
bb_BBB_5_2.0_2.0,0.003261913873081314,0.00512560952637499,239,32,False,1.07,76.33
roc_20,0.0032429079021346805,0.0028426230997344397,185,33,False,1.06,77.39
aroon_AROONOSC_14,0.003101230794945069,0.00502794161252263,192,34,False,1.01,78.4
stoch_STOCHk_14_3_3,0.003056799646641114,0.0038595784514362,186,35,False,1.0,79.4
smi_SMIs_5_20_5_1.0,0.002810383738955127,0.0062210406978624,198,36,False,0.92,80.32
coppock,0.0027978510207464836,0.007228160925473856,189,37,False,0.91,81.23
chop,0.002715496841333416,0.00338479457991396,256,38,False,0.89,82.12
stochrsi_STOCHRSIk_14_14_3_3,0.002625337052024004,0.004663633265420442,227,39,False,0.86,82.98
trix_TRIX_30_9,0.0026062558819077565,0.003612473799163575,254,40,False,0.85,83.83
ppo_PPOs_12_26_9,0.002530458395896528,0.003685560046821265,186,41,False,0.83,84.66
rsi_7,0.0025025764235931114,0.0038573261082013558,223,42,False,0.82,85.48
rsi_14,0.0024277358748382425,0.004756533076062882,184,43,False,0.79,86.27
ao,0.0023871858034608512,0.002615826353879277,107,44,False,0.78,87.05
adx_ADXR_14_2,0.0022744166705879433,0.0057311993380795585,197,45,False,0.74,87.79
kst_KSTs_9,0.002226362706114893,0.003536229000149779,174,46,False,0.73,88.52
roc_10,0.0022011835268143393,0.002862297781878388,226,47,False,0.72,89.24
ichimoku_ISB_26,0.0021914263313080346,0.0036754298932594708,130,48,False,0.72,89.96
bull_power,0.0020167871986179232,0.004555263329735822,156,49,False,0.66,90.62
obv,0.0019629147077335277,0.0021622811141144135,191,50,False,0.64,91.26
pvo_PVOh_12_26_9,0.0019133608463799859,0.004158204718337184,195,51,False,0.63,91.89
return_20d,0.0018643039673761662,0.0015189351194814299,55,52,False,0.61,92.5
smi_SMI_5_20_5_1.0,0.0018322979125701673,0.0038187720803756473,134,53,False,0.6,93.1
pvo_PVO_12_26_9,0.0017258153486585102,0.003372693543487671,124,54,False,0.56,93.66
adx_ADX_14,0.0016515542217220348,0.0028456568323115576,153,55,False,0.54,94.2
sma_50,0.0012826264716568753,0.0024905701748363486,51,56,False,0.42,94.62
kst_KST_10_15_20_30_10_10_10_15,0.0012680246910795434,0.002755849407935053,141,57,False,0.41,95.03
above_sma_200,0.0012128083136111701,0.001744619971546418,28,58,False,0.4,95.43
hma_20,0.0012107412121027635,0.008945030984510528,69,59,False,0.4,95.83
macd_MACDh_12_26_9,0.0011789331183425995,0.0016212040523808507,142,60,False,0.39,96.22
pvo_PVOs_12_26_9,0.0011630540832991215,0.0013326229074086082,134,61,False,0.38,96.6
return_10d,0.0011223014566287331,0.0012615797670053823,43,62,False,0.37,96.97
ppo_PPO_12_26_9,0.0010348492720890664,0.0017758021067741782,151,63,False,0.34,97.31
mfi,0.001004822175978068,0.0013895381193671388,94,64,False,0.33,97.64
atr,0.0009258792840330229,0.001930944729596516,105,65,False,0.3,97.94
macd_MACDs_12_26_9,0.0008314998065257874,0.001612634478751456,84,66,False,0.27,98.21
cmo,0.0007968470219628671,0.0020351247726165026,45,67,False,0.26,98.47
macd_MACD_12_26_9,0.0006287765728154015,0.0011552000256141004,64,68,False,0.21,98.68
bb_BBL_5_2.0_2.0,0.0003229818346126165,0.0009925040641629486,38,69,False,0.11,98.79
donchian_DCU_20_20,0.0002863998599398222,0.0006990084758667851,23,70,False,0.09,98.88
bb_BBU_5_2.0_2.0,0.00025044956033473047,0.0005075745571393496,21,71,False,0.08,98.96
sma_20,0.000246335243912919,0.00045696190796938737,15,72,False,0.08,99.04
ema_26,0.0002461016380252349,0.0013666915507565204,21,73,False,0.08,99.12
ichimoku_IKS_26,0.0002459438118448223,0.0007152687809152596,19,74,False,0.08,99.2
sma_10,0.00023794442593764548,0.000463513116938447,11,75,False,0.08,99.28
bullish_score,0.0002342871016912099,0.0003433833381161853,4,76,False,0.08,99.36
donchian_DCL_20_20,0.00022064939701559925,0.0006000379902275451,25,77,False,0.07,99.43
zlema_20,0.0002168644597963988,0.0006264824611067143,7,78,False,0.07,99.5
vwma_20,0.00021176145618933526,0.0014732985883027128,27,79,False,0.07,99.57
kama,0.00020334890993446944,0.0004137355707349661,10,80,False,0.07,99.64
above_sma_20,0.00017932432058038095,0.0002859879156384877,1,81,False,0.06,99.7
donchian_DCM_20_20,0.00017306250113654424,0.000658837918929643,14,82,False,0.06,99.76
high_volume_up,0.00011938905994121473,0.000373968447237562,9,83,False,0.04,99.8
high_volume_down,0.00011029865963050811,0.0005162824680869238,8,84,False,0.04,99.84
volume_surge,9.97416439382697e-05,0.00026597340878365067,5,85,False,0.03,99.87
ichimoku_ITS_9,9.465360570116806e-05,0.00043426081228973586,6,86,False,0.03,99.9
weak_trend,8.60473045283327e-05,0.00016836503022047656,2,87,False,0.03,99.93
sma_5,8.217452135916819e-05,0.000339420435014092,7,88,False,0.03,99.96
ema_12,6.528695714680748e-05,0.0003241065360449468,9,89,False,0.02,99.98
bb_BBM_5_2.0_2.0,6.245889812027724e-05,0.0003081686833301719,2,90,False,0.02,100.0
rsi_overbought,5.003496888312082e-05,0.00023153022079061482,1,91,False,0.02,100.02
ema_5,3.974543729983924e-05,0.00018015178399882035,4,92,False,0.01,100.03
wma_20,3.764491605876494e-05,0.0001406403927347119,3,93,False,0.01,100.04
macd_crossover_up,3.75531143915071e-05,0.00016562672854042527,2,94,False,0.01,100.05
rsi_oversold,3.060135072044853e-05,0.00019372917470955538,2,95,False,0.01,100.06
macd_bullish,2.8532588865617927e-05,0.00010031077588600113,2,96,False,0.01,100.07
dema_20,1.4001771534032914e-05,0.00011740685394886348,2,97,False,0.0,100.07
ema_crossover_up,1.8151629530289238e-06,6.75038455682149e-05,1,98,False,0.0,100.07
death_cross,0.0,0.0,0,99,False,0.0,100.07
golden_cross,0.0,0.0,0,100,False,0.0,100.07
rsi_bullish,0.0,0.0,0,101,False,0.0,100.07
ema_bullish,0.0,0.0,0,102,False,0.0,100.07
macd_positive,0.0,0.0,0,103,False,0.0,100.07
strong_trend,0.0,0.0,0,104,False,0.0,100.07
